Datetime,Open,High,Low,Close,Volume,Dividends,Stock Splits
2026-06-03 09:30:00-04:00,7605.31005859375,7605.31005859375,7597.64013671875,7601.77001953125,0,0.0,0.0
2026-06-03 09:31:00-04:00,7602.080078125,7604.72021484375,7600.10986328125,7602.85986328125,21709687,0.0,0.0
2026-06-03 09:32:00-04:00,7602.75,7605.35009765625,7601.33984375,7602.759765625,17779819,0.0,0.0
2026-06-03 09:33:00-04:00,7603.81982421875,7604.39990234375,7600.5498046875,7601.56982421875,18817266,0.0,0.0
2026-06-03 09:34:00-04:00,7601.6201171875,7601.759765625,7598.1201171875,7598.9501953125,18280745,0.0,0.0
2026-06-03 09:35:00-04:00,7598.52978515625,7598.52978515625,7593.509765625,7594.56005859375,17906871,0.0,0.0
2026-06-03 09:36:00-04:00,7593.18017578125,7595.33984375,7592.16015625,7593.81005859375,14787696,0.0,0.0
2026-06-03 09:37:00-04:00,7593.259765625,7594.580078125,7591.1201171875,7591.60009765625,11581284,0.0,0.0
2026-06-03 09:38:00-04:00,7591.85009765625,7594.93994140625,7591.47998046875,7594.43994140625,11233899,0.0,0.0
2026-06-03 09:39:00-04:00,7594.43017578125,7594.669921875,7592.9501953125,7593.919921875,10816082,0.0,0.0
2026-06-03 09:40:00-04:00,7593.990234375,7594.2001953125,7589.3798828125,7592.2099609375,12931004,0.0,0.0
2026-06-03 09:41:00-04:00,7594.16015625,7595.240234375,7589.35986328125,7589.35986328125,11333153,0.0,0.0
2026-06-03 09:42:00-04:00,7589.52978515625,7590.85009765625,7588.52978515625,7588.81982421875,9717330,0.0,0.0
2026-06-03 09:43:00-04:00,7588.60009765625,7590.240234375,7586.85986328125,7587.10986328125,10210010,0.0,0.0
2026-06-03 09:44:00-04:00,7587.18994140625,7587.18994140625,7579.08984375,7579.08984375,11885862,0.0,0.0
2026-06-03 09:45:00-04:00,7579.4599609375,7581.490234375,7577.47021484375,7578.02001953125,15181825,0.0,0.0
2026-06-03 09:46:00-04:00,7577.919921875,7578.6201171875,7574.43017578125,7575.18017578125,13076747,0.0,0.0
2026-06-03 09:47:00-04:00,7574.75,7575.35009765625,7570.06005859375,7570.169921875,11730035,0.0,0.0
2026-06-03 09:48:00-04:00,7570.22021484375,7571.85986328125,7563.68994140625,7563.68994140625,11723264,0.0,0.0
2026-06-03 09:49:00-04:00,7563.91015625,7567.93017578125,7563.18994140625,7566.009765625,12828092,0.0,0.0
2026-06-03 09:50:00-04:00,7565.4501953125,7569.8798828125,7562.4501953125,7569.8798828125,14200370,0.0,0.0
2026-06-03 09:51:00-04:00,7569.7099609375,7572.64990234375,7569.330078125,7571.419921875,10792682,0.0,0.0
2026-06-03 09:52:00-04:00,7571.740234375,7576.5498046875,7571.740234375,7576.2998046875,10875171,0.0,0.0
2026-06-03 09:53:00-04:00,7576.10009765625,7578.009765625,7574.81005859375,7577.2099609375,10596625,0.0,0.0
2026-06-03 09:54:00-04:00,7577.52001953125,7577.5498046875,7572.25,7573.419921875,10233715,0.0,0.0
2026-06-03 09:55:00-04:00,7573.16015625,7577.52001953125,7573.16015625,7575.75,10792794,0.0,0.0
2026-06-03 09:56:00-04:00,7576.2900390625,7577.64013671875,7574.60986328125,7574.77001953125,9078588,0.0,0.0
2026-06-03 09:57:00-04:00,7574.93017578125,7577.02978515625,7574.10986328125,7575.14990234375,9102785,0.0,0.0
2026-06-03 09:58:00-04:00,7575.4599609375,7576.5498046875,7573.10986328125,7576.35986328125,9362979,0.0,0.0
2026-06-03 09:59:00-04:00,7576.330078125,7578.47021484375,7573.39990234375,7574.43017578125,12195752,0.0,0.0
2026-06-03 10:00:00-04:00,7575.009765625,7582.10009765625,7573.8798828125,7581.5,11902050,0.0,0.0
2026-06-03 10:01:00-04:00,7581.5,7582.330078125,7579.18994140625,7580.0498046875,9797785,0.0,0.0
2026-06-03 10:02:00-04:00,7580.27001953125,7583.080078125,7578.259765625,7581.83984375,9562576,0.0,0.0
2026-06-03 10:03:00-04:00,7581.56982421875,7582.75,7580.68994140625,7581.91015625,8358646,0.0,0.0
2026-06-03 10:04:00-04:00,7581.39990234375,7582.89013671875,7579.990234375,7580.72998046875,8342172,0.0,0.0
2026-06-03 10:05:00-04:00,7580.47998046875,7581.3701171875,7579.0400390625,7580.93017578125,9449897,0.0,0.0
2026-06-03 10:06:00-04:00,7580.7998046875,7583.10009765625,7578.33984375,7580.56982421875,8491566,0.0,0.0
2026-06-03 10:07:00-04:00,7580.72021484375,7581.41015625,7577.56005859375,7578.25,7869621,0.0,0.0
2026-06-03 10:08:00-04:00,7578.35009765625,7579.81982421875,7577.72998046875,7579.759765625,7994562,0.0,0.0
2026-06-03 10:09:00-04:00,7580.169921875,7582.06982421875,7579.2998046875,7581.22021484375,7675363,0.0,0.0
2026-06-03 10:10:00-04:00,7581.14013671875,7583.8701171875,7581.14013671875,7583.41015625,7699303,0.0,0.0
2026-06-03 10:11:00-04:00,7583.5498046875,7584.669921875,7583.22021484375,7583.68017578125,8467558,0.0,0.0
2026-06-03 10:12:00-04:00,7584.009765625,7585.14990234375,7583.16015625,7584.39013671875,9244874,0.0,0.0
2026-06-03 10:13:00-04:00,7584.490234375,7585.27978515625,7583.7099609375,7584.240234375,7823054,0.0,0.0
2026-06-03 10:14:00-04:00,7584.31982421875,7586.2001953125,7583.9599609375,7586.2001953125,7859843,0.0,0.0
2026-06-03 10:15:00-04:00,7585.9501953125,7586.93017578125,7583.740234375,7584.31982421875,8794550,0.0,0.0
2026-06-03 10:16:00-04:00,7584.31982421875,7586.1298828125,7584.009765625,7585.0498046875,8494037,0.0,0.0
2026-06-03 10:17:00-04:00,7585.0400390625,7585.0400390625,7582.39990234375,7584.43017578125,8904045,0.0,0.0
2026-06-03 10:18:00-04:00,7584.5,7585.14990234375,7583.169921875,7583.2900390625,7915277,0.0,0.0
2026-06-03 10:19:00-04:00,7583.75,7584.3798828125,7578.7001953125,7579.080078125,10437226,0.0,0.0
2026-06-03 10:20:00-04:00,7579.1298828125,7581.91015625,7577.2900390625,7581.06982421875,9181900,0.0,0.0
2026-06-03 10:21:00-04:00,7581.47998046875,7581.47998046875,7578.6201171875,7578.7900390625,9105995,0.0,0.0
2026-06-03 10:22:00-04:00,7578.75,7582.83984375,7578.43994140625,7582.2998046875,7259263,0.0,0.0
2026-06-03 10:23:00-04:00,7582.27978515625,7582.27978515625,7577.60986328125,7577.75,8575792,0.0,0.0
2026-06-03 10:24:00-04:00,7578.419921875,7581.2001953125,7578.419921875,7579.58984375,6530565,0.0,0.0
2026-06-03 10:25:00-04:00,7579.18017578125,7581.39013671875,7579.06982421875,7580.64990234375,7425127,0.0,0.0
2026-06-03 10:26:00-04:00,7580.89013671875,7583.56005859375,7580.740234375,7581.91015625,6631254,0.0,0.0
2026-06-03 10:27:00-04:00,7581.72998046875,7581.72998046875,7579.7998046875,7580.47021484375,6093718,0.0,0.0
2026-06-03 10:28:00-04:00,7580.60986328125,7581.52001953125,7580.31005859375,7580.75,5467495,0.0,0.0
2026-06-03 10:29:00-04:00,7580.5,7584.43017578125,7580.5,7584.43017578125,6785536,0.0,0.0
2026-06-03 10:30:00-04:00,7584.47021484375,7585.39990234375,7583.10986328125,7583.990234375,7362546,0.0,0.0
2026-06-03 10:31:00-04:00,7584.39990234375,7585.990234375,7584.0498046875,7585.7900390625,8113452,0.0,0.0
2026-06-03 10:32:00-04:00,7585.830078125,7585.830078125,7583.5400390625,7584.85009765625,6764897,0.0,0.0
2026-06-03 10:33:00-04:00,7584.8701171875,7584.9599609375,7583.6201171875,7584.330078125,7448474,0.0,0.0
2026-06-03 10:34:00-04:00,7583.81005859375,7584.02978515625,7581.2001953125,7582.14990234375,7917416,0.0,0.0
2026-06-03 10:35:00-04:00,7582.169921875,7582.72998046875,7580.7001953125,7580.89013671875,8476036,0.0,0.0
2026-06-03 10:36:00-04:00,7580.60986328125,7581.490234375,7579.60009765625,7580.35009765625,7905737,0.0,0.0
2026-06-03 10:37:00-04:00,7580.3701171875,7585.6298828125,7579.68017578125,7585.6298828125,6619632,0.0,0.0
2026-06-03 10:38:00-04:00,7585.85009765625,7586.56982421875,7584.85986328125,7585.64013671875,6378229,0.0,0.0
2026-06-03 10:39:00-04:00,7585.72021484375,7586.31982421875,7583.56005859375,7585.16015625,5953331,0.0,0.0
2026-06-03 10:40:00-04:00,7585.14013671875,7585.7001953125,7583.85009765625,7584.1201171875,6249069,0.0,0.0
2026-06-03 10:41:00-04:00,7584.1298828125,7584.8798828125,7583.1298828125,7584.25,5619542,0.0,0.0
2026-06-03 10:42:00-04:00,7584.18017578125,7584.669921875,7582.18994140625,7582.64013671875,5411063,0.0,0.0
2026-06-03 10:43:00-04:00,7582.72998046875,7585.4501953125,7582.72998046875,7583.97998046875,6668483,0.0,0.0
2026-06-03 10:44:00-04:00,7583.990234375,7584.22998046875,7580.08984375,7580.31005859375,6440443,0.0,0.0
2026-06-03 10:45:00-04:00,7580.18994140625,7581.4599609375,7579.7900390625,7579.7900390625,5943830,0.0,0.0
2026-06-03 10:46:00-04:00,7580.08984375,7581.669921875,7579.9599609375,7580.83984375,6502517,0.0,0.0
2026-06-03 10:47:00-04:00,7580.47021484375,7581.7998046875,7578.39990234375,7578.97021484375,8120408,0.0,0.0
2026-06-03 10:48:00-04:00,7579.16015625,7579.77001953125,7576.7900390625,7577.2998046875,5782641,0.0,0.0
2026-06-03 10:49:00-04:00,7577.0498046875,7578.08984375,7575.5400390625,7576.3798828125,5486259,0.0,0.0
2026-06-03 10:50:00-04:00,7576.43994140625,7576.5400390625,7573.3798828125,7573.81982421875,5436020,0.0,0.0
2026-06-03 10:51:00-04:00,7573.77978515625,7579.27001953125,7573.77978515625,7579.27001953125,7632390,0.0,0.0
2026-06-03 10:52:00-04:00,7579.22021484375,7579.31982421875,7576.919921875,7576.919921875,6002356,0.0,0.0
2026-06-03 10:53:00-04:00,7577.1298828125,7579.8798828125,7576.6201171875,7579.77978515625,6106280,0.0,0.0
2026-06-03 10:54:00-04:00,7579.68994140625,7580.22998046875,7578.06982421875,7578.35009765625,5778041,0.0,0.0
2026-06-03 10:55:00-04:00,7578.72021484375,7579.259765625,7578.35009765625,7578.6298828125,5740472,0.0,0.0
2026-06-03 10:56:00-04:00,7578.669921875,7579.3798828125,7577.6298828125,7577.72998046875,6300266,0.0,0.0
2026-06-03 10:57:00-04:00,7577.81982421875,7577.81982421875,7575.240234375,7575.64990234375,6424953,0.0,0.0
2026-06-03 10:58:00-04:00,7575.759765625,7576.39990234375,7575.1298828125,7575.77001953125,5720274,0.0,0.0
2026-06-03 10:59:00-04:00,7576.10986328125,7577.25,7575.169921875,7577.2099609375,5681322,0.0,0.0
2026-06-03 11:00:00-04:00,7577.31005859375,7580.740234375,7577.16015625,7578.77001953125,7596707,0.0,0.0
2026-06-03 11:01:00-04:00,7578.5,7580.72021484375,7578.1201171875,7580.5,5796444,0.0,0.0
2026-06-03 11:02:00-04:00,7580.41015625,7580.41015625,7578.2900390625,7579.0,5934659,0.0,0.0
2026-06-03 11:03:00-04:00,7579.14013671875,7580.64013671875,7578.77978515625,7580.64013671875,5713711,0.0,0.0
2026-06-03 11:04:00-04:00,7580.8701171875,7580.8701171875,7579.22998046875,7579.33984375,6315910,0.0,0.0
2026-06-03 11:05:00-04:00,7579.1201171875,7579.22021484375,7576.7001953125,7576.759765625,6441322,0.0,0.0
2026-06-03 11:06:00-04:00,7576.68994140625,7577.77001953125,7576.27001953125,7576.5,6407822,0.0,0.0
2026-06-03 11:07:00-04:00,7576.27978515625,7576.669921875,7574.3798828125,7575.10986328125,6391776,0.0,0.0
2026-06-03 11:08:00-04:00,7575.0,7578.490234375,7574.759765625,7578.0498046875,6329248,0.0,0.0
2026-06-03 11:09:00-04:00,7578.02978515625,7578.52001953125,7577.2900390625,7577.66015625,6212993,0.0,0.0
2026-06-03 11:10:00-04:00,7577.47998046875,7580.85009765625,7577.259765625,7580.56982421875,6787508,0.0,0.0
2026-06-03 11:11:00-04:00,7580.4599609375,7580.9599609375,7578.27978515625,7578.27978515625,5932753,0.0,0.0
2026-06-03 11:12:00-04:00,7578.22998046875,7579.58984375,7575.89990234375,7576.35009765625,5387008,0.0,0.0
2026-06-03 11:13:00-04:00,7576.22998046875,7577.43994140625,7576.169921875,7576.81982421875,6043464,0.0,0.0
2026-06-03 11:14:00-04:00,7576.75,7577.10009765625,7575.56005859375,7576.169921875,5627537,0.0,0.0
2026-06-03 11:15:00-04:00,7576.240234375,7576.7001953125,7574.7998046875,7574.97021484375,6317267,0.0,0.0
2026-06-03 11:16:00-04:00,7575.39013671875,7578.2900390625,7575.33984375,7577.83984375,5515691,0.0,0.0
2026-06-03 11:17:00-04:00,7577.97998046875,7578.02978515625,7576.22021484375,7576.2998046875,5365600,0.0,0.0
2026-06-03 11:18:00-04:00,7576.3798828125,7577.4599609375,7576.3798828125,7577.35986328125,5826248,0.0,0.0
2026-06-03 11:19:00-04:00,7577.259765625,7578.35986328125,7576.83984375,7577.5,5685794,0.0,0.0
2026-06-03 11:20:00-04:00,7577.60009765625,7578.56005859375,7576.990234375,7577.02001953125,4572753,0.0,0.0
2026-06-03 11:21:00-04:00,7577.06005859375,7577.06005859375,7574.759765625,7575.72998046875,6256039,0.0,0.0
2026-06-03 11:22:00-04:00,7575.5,7575.89990234375,7571.72021484375,7571.72021484375,5282099,0.0,0.0
2026-06-03 11:23:00-04:00,7571.419921875,7571.419921875,7569.77001953125,7569.77001953125,6671654,0.0,0.0
2026-06-03 11:24:00-04:00,7570.18994140625,7571.8701171875,7569.759765625,7571.259765625,4945554,0.0,0.0
2026-06-03 11:25:00-04:00,7571.33984375,7571.33984375,7569.0,7569.7099609375,6074940,0.0,0.0
2026-06-03 11:26:00-04:00,7569.7001953125,7572.27978515625,7569.64013671875,7570.97998046875,6306702,0.0,0.0
2026-06-03 11:27:00-04:00,7570.77001953125,7575.31982421875,7570.77001953125,7575.31982421875,6056343,0.0,0.0
2026-06-03 11:28:00-04:00,7575.39013671875,7576.22021484375,7573.10986328125,7575.7900390625,6247264,0.0,0.0
2026-06-03 11:29:00-04:00,7575.419921875,7576.9599609375,7575.2099609375,7576.60009765625,5201709,0.0,0.0
2026-06-03 11:30:00-04:00,7576.64990234375,7579.47021484375,7575.85009765625,7579.47021484375,6572266,0.0,0.0
2026-06-03 11:31:00-04:00,7579.22021484375,7579.259765625,7577.669921875,7578.169921875,5612108,0.0,0.0
2026-06-03 11:32:00-04:00,7578.22021484375,7578.60986328125,7576.43017578125,7576.5,5083152,0.0,0.0
2026-06-03 11:33:00-04:00,7576.81982421875,7577.52001953125,7575.02978515625,7575.06005859375,6763929,0.0,0.0
2026-06-03 11:34:00-04:00,7574.9599609375,7574.9599609375,7570.31005859375,7572.0,6612888,0.0,0.0
2026-06-03 11:35:00-04:00,7571.830078125,7572.93017578125,7571.5400390625,7572.93017578125,5126299,0.0,0.0
2026-06-03 11:36:00-04:00,7572.9501953125,7573.47021484375,7571.93994140625,7573.080078125,5499199,0.0,0.0
2026-06-03 11:37:00-04:00,7573.14990234375,7573.9599609375,7568.7099609375,7568.7099609375,6507444,0.0,0.0
2026-06-03 11:38:00-04:00,7568.580078125,7569.81982421875,7568.33984375,7568.93994140625,5872962,0.0,0.0
2026-06-03 11:39:00-04:00,7569.0,7570.1298828125,7568.89013671875,7569.3701171875,5883231,0.0,0.0
2026-06-03 11:40:00-04:00,7569.259765625,7569.419921875,7568.1298828125,7568.6298828125,5271513,0.0,0.0
2026-06-03 11:41:00-04:00,7568.47998046875,7569.68017578125,7568.1298828125,7568.93994140625,7048684,0.0,0.0
2026-06-03 11:42:00-04:00,7568.8701171875,7569.25,7568.2001953125,7568.31982421875,5251643,0.0,0.0
2026-06-03 11:43:00-04:00,7568.43994140625,7569.77978515625,7567.259765625,7568.39013671875,6041438,0.0,0.0
2026-06-03 11:44:00-04:00,7568.39990234375,7569.509765625,7568.2001953125,7568.43994140625,5446046,0.0,0.0
2026-06-03 11:45:00-04:00,7568.56005859375,7568.89990234375,7565.990234375,7566.14013671875,5649353,0.0,0.0
2026-06-03 11:46:00-04:00,7566.5498046875,7567.169921875,7564.68017578125,7565.009765625,6305904,0.0,0.0
2026-06-03 11:47:00-04:00,7564.9599609375,7565.5400390625,7563.83984375,7564.72021484375,5932466,0.0,0.0
2026-06-03 11:48:00-04:00,7564.83984375,7566.97998046875,7564.83984375,7566.10986328125,6193450,0.0,0.0
2026-06-03 11:49:00-04:00,7566.2001953125,7568.60009765625,7565.39013671875,7568.14990234375,5754173,0.0,0.0
2026-06-03 11:50:00-04:00,7568.02978515625,7571.14990234375,7567.91015625,7570.85009765625,5619013,0.0,0.0
2026-06-03 11:51:00-04:00,7570.7900390625,7570.7900390625,7568.72021484375,7568.72021484375,5239078,0.0,0.0
2026-06-03 11:52:00-04:00,7568.75,7569.2900390625,7566.16015625,7567.2001953125,5096862,0.0,0.0
2026-06-03 11:53:00-04:00,7567.1201171875,7568.330078125,7566.919921875,7567.68017578125,4339063,0.0,0.0
2026-06-03 11:54:00-04:00,7567.58984375,7569.14013671875,7567.5,7568.93994140625,4328749,0.0,0.0
2026-06-03 11:55:00-04:00,7568.85009765625,7570.35009765625,7567.330078125,7569.97998046875,4729135,0.0,0.0
2026-06-03 11:56:00-04:00,7570.330078125,7570.330078125,7567.240234375,7568.0400390625,5045725,0.0,0.0
2026-06-03 11:57:00-04:00,7567.97998046875,7567.97998046875,7566.740234375,7566.81005859375,4463954,0.0,0.0
2026-06-03 11:58:00-04:00,7566.759765625,7568.14013671875,7566.580078125,7568.0400390625,4743233,0.0,0.0
2026-06-03 11:59:00-04:00,7568.009765625,7569.2998046875,7567.5400390625,7567.8798828125,5126856,0.0,0.0
2026-06-03 12:00:00-04:00,7567.740234375,7569.9501953125,7567.740234375,7568.56982421875,4924416,0.0,0.0
2026-06-03 12:01:00-04:00,7568.580078125,7568.580078125,7565.56982421875,7566.60986328125,4967186,0.0,0.0
2026-06-03 12:02:00-04:00,7566.47021484375,7566.759765625,7565.81005859375,7566.2001953125,4514214,0.0,0.0
2026-06-03 12:03:00-04:00,7566.22021484375,7567.9501953125,7565.8798828125,7567.14990234375,4251289,0.0,0.0
2026-06-03 12:04:00-04:00,7567.2998046875,7569.0400390625,7566.97998046875,7569.02978515625,4507029,0.0,0.0
2026-06-03 12:05:00-04:00,7569.14990234375,7570.60009765625,7568.6201171875,7569.83984375,4001311,0.0,0.0
2026-06-03 12:06:00-04:00,7569.66015625,7570.35009765625,7568.02001953125,7568.8798828125,4700270,0.0,0.0
2026-06-03 12:07:00-04:00,7568.7099609375,7568.7099609375,7565.97021484375,7566.31005859375,5321033,0.0,0.0
2026-06-03 12:08:00-04:00,7566.2900390625,7567.75,7565.68994140625,7566.97998046875,5164235,0.0,0.0
2026-06-03 12:09:00-04:00,7566.919921875,7567.22998046875,7566.31005859375,7566.47998046875,4392148,0.0,0.0
2026-06-03 12:10:00-04:00,7566.33984375,7567.68994140625,7565.9599609375,7567.06005859375,4946519,0.0,0.0
2026-06-03 12:11:00-04:00,7567.3798828125,7568.419921875,7567.22021484375,7567.97998046875,4009362,0.0,0.0
2026-06-03 12:12:00-04:00,7567.93994140625,7569.43017578125,7567.77001953125,7569.43017578125,4609399,0.0,0.0
2026-06-03 12:13:00-04:00,7569.56005859375,7569.85986328125,7568.68017578125,7569.009765625,4165781,0.0,0.0
2026-06-03 12:14:00-04:00,7568.9501953125,7569.72998046875,7568.0498046875,7568.3798828125,4016142,0.0,0.0
2026-06-03 12:15:00-04:00,7568.3798828125,7568.3798828125,7566.14990234375,7567.77978515625,4245597,0.0,0.0
2026-06-03 12:16:00-04:00,7567.77978515625,7567.77978515625,7566.43994140625,7567.5498046875,4484494,0.0,0.0
2026-06-03 12:17:00-04:00,7567.47021484375,7567.85986328125,7565.75,7565.89990234375,4565169,0.0,0.0
2026-06-03 12:18:00-04:00,7565.91015625,7565.91015625,7561.56005859375,7561.56005859375,4909776,0.0,0.0
2026-06-03 12:19:00-04:00,7561.58984375,7564.77978515625,7561.58984375,7564.77978515625,4836159,0.0,0.0
2026-06-03 12:20:00-04:00,7564.89990234375,7564.89990234375,7563.27978515625,7563.27978515625,4002353,0.0,0.0
2026-06-03 12:21:00-04:00,7563.14990234375,7563.4599609375,7562.35009765625,7563.080078125,3972054,0.0,0.0
2026-06-03 12:22:00-04:00,7563.18017578125,7564.85986328125,7563.10009765625,7563.89990234375,4649108,0.0,0.0
2026-06-03 12:23:00-04:00,7563.9501953125,7563.9501953125,7559.52001953125,7559.52001953125,4586295,0.0,0.0
2026-06-03 12:24:00-04:00,7559.39013671875,7559.419921875,7556.56005859375,7556.7900390625,4713632,0.0,0.0
2026-06-03 12:25:00-04:00,7556.81982421875,7557.60009765625,7555.16015625,7557.47998046875,4844131,0.0,0.0
2026-06-03 12:26:00-04:00,7557.27001953125,7558.009765625,7556.77001953125,7557.81005859375,5025699,0.0,0.0
2026-06-03 12:27:00-04:00,7557.81982421875,7558.75,7556.02978515625,7558.72998046875,5404829,0.0,0.0
2026-06-03 12:28:00-04:00,7558.93994140625,7559.8798828125,7557.16015625,7557.52978515625,4363806,0.0,0.0
2026-06-03 12:29:00-04:00,7557.33984375,7558.85009765625,7557.14013671875,7558.64013671875,4455197,0.0,0.0
2026-06-03 12:30:00-04:00,7558.77001953125,7561.2099609375,7558.419921875,7559.89990234375,4611508,0.0,0.0
2026-06-03 12:31:00-04:00,7559.77978515625,7561.2001953125,7559.1201171875,7559.1201171875,4950981,0.0,0.0
2026-06-03 12:32:00-04:00,7559.1201171875,7562.06982421875,7558.97998046875,7562.06982421875,4517383,0.0,0.0
2026-06-03 12:33:00-04:00,7562.0,7562.0,7558.81982421875,7560.06005859375,4340077,0.0,0.0
2026-06-03 12:34:00-04:00,7559.97021484375,7561.009765625,7559.759765625,7559.9501953125,4596067,0.0,0.0
2026-06-03 12:35:00-04:00,7560.1201171875,7560.1201171875,7556.89990234375,7556.89990234375,4352398,0.0,0.0
2026-06-03 12:36:00-04:00,7556.81982421875,7557.43017578125,7555.91015625,7556.22998046875,4207348,0.0,0.0
2026-06-03 12:37:00-04:00,7556.35986328125,7557.89013671875,7555.97998046875,7556.419921875,4171358,0.0,0.0
2026-06-03 12:38:00-04:00,7556.39013671875,7557.2900390625,7555.7001953125,7556.31005859375,4100194,0.0,0.0
2026-06-03 12:39:00-04:00,7556.2998046875,7556.31982421875,7554.60009765625,7554.97998046875,4228302,0.0,0.0
2026-06-03 12:40:00-04:00,7554.9599609375,7556.0400390625,7554.52001953125,7554.97998046875,4777028,0.0,0.0
2026-06-03 12:41:00-04:00,7555.009765625,7555.009765625,7552.18017578125,7552.18017578125,5143542,0.0,0.0
2026-06-03 12:42:00-04:00,7552.35986328125,7552.91015625,7551.31982421875,7551.830078125,4348362,0.0,0.0
2026-06-03 12:43:00-04:00,7551.85009765625,7554.330078125,7551.22021484375,7553.7900390625,4224165,0.0,0.0
2026-06-03 12:44:00-04:00,7553.56982421875,7556.08984375,7553.0498046875,7556.0,4106465,0.0,0.0
2026-06-03 12:45:00-04:00,7555.97021484375,7558.830078125,7555.97021484375,7558.81982421875,4418825,0.0,0.0
2026-06-03 12:46:00-04:00,7558.7998046875,7559.1201171875,7557.14013671875,7559.1201171875,4124226,0.0,0.0
2026-06-03 12:47:00-04:00,7559.27001953125,7560.9599609375,7559.18994140625,7560.64013671875,4117079,0.0,0.0
2026-06-03 12:48:00-04:00,7560.58984375,7561.81005859375,7559.5,7561.419921875,4307706,0.0,0.0
2026-06-03 12:49:00-04:00,7561.4501953125,7561.64990234375,7560.60009765625,7561.64013671875,4113152,0.0,0.0
2026-06-03 12:50:00-04:00,7561.6298828125,7563.5498046875,7561.6298828125,7563.47998046875,4253185,0.0,0.0
2026-06-03 12:51:00-04:00,7563.6201171875,7564.0400390625,7561.72998046875,7561.990234375,4033837,0.0,0.0
2026-06-03 12:52:00-04:00,7562.0400390625,7563.06982421875,7561.240234375,7562.47998046875,4850784,0.0,0.0
2026-06-03 12:53:00-04:00,7562.52001953125,7562.56982421875,7560.240234375,7560.240234375,5127584,0.0,0.0
2026-06-03 12:54:00-04:00,7560.27001953125,7562.64990234375,7560.27001953125,7561.89990234375,3756837,0.0,0.0
2026-06-03 12:55:00-04:00,7561.85009765625,7562.08984375,7560.97998046875,7561.10986328125,4208467,0.0,0.0
2026-06-03 12:56:00-04:00,7560.85986328125,7563.0498046875,7560.6201171875,7562.9599609375,3886195,0.0,0.0
2026-06-03 12:57:00-04:00,7563.35986328125,7564.91015625,7563.10986328125,7564.68994140625,4644353,0.0,0.0
2026-06-03 12:58:00-04:00,7564.56005859375,7567.22021484375,7564.14990234375,7566.83984375,4222389,0.0,0.0
2026-06-03 12:59:00-04:00,7566.81982421875,7567.10009765625,7566.06005859375,7567.10009765625,4921749,0.0,0.0
2026-06-03 13:00:00-04:00,7567.06005859375,7567.06005859375,7565.47998046875,7566.259765625,4340139,0.0,0.0
2026-06-03 13:01:00-04:00,7566.18017578125,7566.18017578125,7564.35986328125,7564.89990234375,4011532,0.0,0.0
2026-06-03 13:02:00-04:00,7564.93017578125,7564.93017578125,7562.7900390625,7563.66015625,4501924,0.0,0.0
2026-06-03 13:03:00-04:00,7563.52001953125,7563.9501953125,7562.56982421875,7563.33984375,4501831,0.0,0.0
2026-06-03 13:04:00-04:00,7563.52001953125,7563.85986328125,7562.41015625,7562.41015625,3760847,0.0,0.0
2026-06-03 13:05:00-04:00,7562.56982421875,7563.3798828125,7562.35009765625,7562.58984375,4445520,0.0,0.0
2026-06-03 13:06:00-04:00,7562.5498046875,7562.5498046875,7561.22021484375,7561.22021484375,3922846,0.0,0.0
2026-06-03 13:07:00-04:00,7561.3798828125,7563.06982421875,7561.009765625,7563.0,4035356,0.0,0.0
2026-06-03 13:08:00-04:00,7563.0400390625,7565.02001953125,7562.72021484375,7564.75,3770712,0.0,0.0
2026-06-03 13:09:00-04:00,7564.72998046875,7567.2001953125,7564.56982421875,7565.31982421875,5963219,0.0,0.0
2026-06-03 13:10:00-04:00,7565.47998046875,7565.669921875,7563.6298828125,7563.669921875,3550459,0.0,0.0
2026-06-03 13:11:00-04:00,7563.81982421875,7564.669921875,7563.43994140625,7563.83984375,3959596,0.0,0.0
2026-06-03 13:12:00-04:00,7564.02978515625,7564.080078125,7561.33984375,7561.4599609375,4365233,0.0,0.0
2026-06-03 13:13:00-04:00,7561.259765625,7561.72998046875,7558.22021484375,7558.22021484375,5123640,0.0,0.0
2026-06-03 13:14:00-04:00,7557.81982421875,7559.009765625,7557.009765625,7558.2900390625,4090225,0.0,0.0
2026-06-03 13:15:00-04:00,7558.41015625,7559.10009765625,7558.02001953125,7558.22021484375,4273480,0.0,0.0
2026-06-03 13:16:00-04:00,7558.0400390625,7559.169921875,7557.919921875,7559.169921875,4211660,0.0,0.0
2026-06-03 13:17:00-04:00,7558.93994140625,7559.47998046875,7557.2001953125,7557.580078125,4322431,0.0,0.0
2026-06-03 13:18:00-04:00,7557.580078125,7557.89990234375,7555.91015625,7555.91015625,3863588,0.0,0.0
2026-06-03 13:19:00-04:00,7555.8798828125,7557.97998046875,7555.81982421875,7557.72021484375,4868004,0.0,0.0
2026-06-03 13:20:00-04:00,7557.669921875,7558.81005859375,7557.43017578125,7558.60986328125,4486496,0.0,0.0
2026-06-03 13:21:00-04:00,7558.60986328125,7559.72021484375,7558.47998046875,7559.58984375,4428154,0.0,0.0
2026-06-03 13:22:00-04:00,7559.52001953125,7559.72021484375,7557.3798828125,7557.52001953125,4571873,0.0,0.0
2026-06-03 13:23:00-04:00,7557.4501953125,7559.97998046875,7557.4501953125,7559.18994140625,4161106,0.0,0.0
2026-06-03 13:24:00-04:00,7559.2998046875,7560.990234375,7559.2900390625,7560.9501953125,4581732,0.0,0.0
2026-06-03 13:25:00-04:00,7561.0,7562.33984375,7561.0,7561.25,4906748,0.0,0.0
2026-06-03 13:26:00-04:00,7561.16015625,7562.1201171875,7561.10009765625,7561.72998046875,3239770,0.0,0.0
2026-06-03 13:27:00-04:00,7561.66015625,7562.10009765625,7561.39990234375,7561.85009765625,3952882,0.0,0.0
2026-06-03 13:28:00-04:00,7561.83984375,7561.83984375,7559.77001953125,7559.990234375,3535268,0.0,0.0
2026-06-03 13:29:00-04:00,7560.02978515625,7562.5,7559.9599609375,7562.419921875,3831288,0.0,0.0
2026-06-03 13:30:00-04:00,7562.43994140625,7562.43994140625,7558.43994140625,7558.4501953125,4582626,0.0,0.0
2026-06-03 13:31:00-04:00,7558.60009765625,7559.830078125,7558.14013671875,7559.830078125,4965967,0.0,0.0
2026-06-03 13:32:00-04:00,7559.72998046875,7561.39013671875,7559.25,7561.39013671875,4376951,0.0,0.0
2026-06-03 13:33:00-04:00,7561.4599609375,7563.6201171875,7561.4599609375,7563.22021484375,4232281,0.0,0.0
2026-06-03 13:34:00-04:00,7563.2998046875,7565.1201171875,7563.009765625,7564.9501953125,3835452,0.0,0.0
2026-06-03 13:35:00-04:00,7564.9501953125,7565.509765625,7564.06982421875,7565.2099609375,4514486,0.0,0.0
2026-06-03 13:36:00-04:00,7565.0400390625,7565.81005859375,7564.97021484375,7565.68994140625,3819055,0.0,0.0
2026-06-03 13:37:00-04:00,7565.81005859375,7567.4501953125,7565.81005859375,7566.93994140625,4492342,0.0,0.0
2026-06-03 13:38:00-04:00,7566.97021484375,7566.97021484375,7565.18017578125,7565.52001953125,4545645,0.0,0.0
2026-06-03 13:39:00-04:00,7565.58984375,7566.3798828125,7565.43017578125,7565.72021484375,3785276,0.0,0.0
2026-06-03 13:40:00-04:00,7565.68994140625,7567.10986328125,7565.47998046875,7566.830078125,3647888,0.0,0.0
2026-06-03 13:41:00-04:00,7566.740234375,7567.56982421875,7565.31005859375,7567.240234375,4592027,0.0,0.0
2026-06-03 13:42:00-04:00,7567.27978515625,7568.72021484375,7566.89990234375,7568.240234375,3893234,0.0,0.0
2026-06-03 13:43:00-04:00,7568.2099609375,7570.0498046875,7568.14990234375,7569.490234375,3851802,0.0,0.0
2026-06-03 13:44:00-04:00,7569.7001953125,7569.7001953125,7568.1298828125,7568.509765625,4395248,0.0,0.0
2026-06-03 13:45:00-04:00,7568.509765625,7569.5,7567.89990234375,7567.89990234375,4511147,0.0,0.0
2026-06-03 13:46:00-04:00,7567.919921875,7568.10009765625,7566.47998046875,7567.2998046875,4002817,0.0,0.0
2026-06-03 13:47:00-04:00,7567.41015625,7568.60009765625,7567.41015625,7567.9501953125,3784383,0.0,0.0
2026-06-03 13:48:00-04:00,7567.72021484375,7569.35986328125,7567.72021484375,7568.56005859375,4417879,0.0,0.0
2026-06-03 13:49:00-04:00,7568.47998046875,7568.52978515625,7567.4501953125,7568.2099609375,4094361,0.0,0.0
2026-06-03 13:50:00-04:00,7568.2998046875,7568.9599609375,7568.1298828125,7568.75,3931526,0.0,0.0
2026-06-03 13:51:00-04:00,7568.77001953125,7570.10986328125,7568.3798828125,7569.72998046875,3799297,0.0,0.0
2026-06-03 13:52:00-04:00,7569.740234375,7570.7099609375,7569.6201171875,7570.43994140625,4320338,0.0,0.0
2026-06-03 13:53:00-04:00,7570.509765625,7570.9599609375,7570.3701171875,7570.43017578125,5211043,0.0,0.0
2026-06-03 13:54:00-04:00,7570.39013671875,7572.080078125,7570.1201171875,7571.990234375,4186639,0.0,0.0
2026-06-03 13:55:00-04:00,7571.83984375,7572.52978515625,7571.81005859375,7571.81005859375,4057822,0.0,0.0
2026-06-03 13:56:00-04:00,7572.080078125,7573.31982421875,7572.080078125,7573.169921875,4669410,0.0,0.0
2026-06-03 13:57:00-04:00,7573.240234375,7573.31005859375,7572.43994140625,7572.43994140625,4208425,0.0,0.0
2026-06-03 13:58:00-04:00,7572.35986328125,7572.75,7571.22021484375,7572.64990234375,4190895,0.0,0.0
2026-06-03 13:59:00-04:00,7572.669921875,7572.9599609375,7571.5498046875,7571.81982421875,4043264,0.0,0.0
2026-06-03 14:00:00-04:00,7571.72998046875,7571.89013671875,7570.31005859375,7570.3701171875,4530968,0.0,0.0
2026-06-03 14:01:00-04:00,7570.18017578125,7571.4599609375,7570.080078125,7571.18017578125,7532516,0.0,0.0
2026-06-03 14:02:00-04:00,7571.33984375,7572.02978515625,7570.759765625,7571.419921875,4978084,0.0,0.0
2026-06-03 14:03:00-04:00,7571.43017578125,7571.52978515625,7570.1298828125,7570.7900390625,5283780,0.0,0.0
2026-06-03 14:04:00-04:00,7570.8701171875,7571.66015625,7570.5400390625,7571.080078125,4607433,0.0,0.0
2026-06-03 14:05:00-04:00,7571.14990234375,7571.22021484375,7570.10986328125,7570.4501953125,4733310,0.0,0.0
2026-06-03 14:06:00-04:00,7570.52001953125,7570.89013671875,7568.77001953125,7569.1298828125,4905137,0.0,0.0
2026-06-03 14:07:00-04:00,7569.0498046875,7569.08984375,7568.35009765625,7568.97021484375,4062653,0.0,0.0
2026-06-03 14:08:00-04:00,7568.97021484375,7569.81982421875,7568.85986328125,7569.68017578125,4043221,0.0,0.0
2026-06-03 14:09:00-04:00,7569.669921875,7570.419921875,7569.3701171875,7569.3701171875,4197001,0.0,0.0
2026-06-03 14:10:00-04:00,7569.3701171875,7570.25,7568.68017578125,7570.240234375,4396687,0.0,0.0
2026-06-03 14:11:00-04:00,7570.18994140625,7570.490234375,7568.759765625,7570.2900390625,4112966,0.0,0.0
2026-06-03 14:12:00-04:00,7570.240234375,7570.60009765625,7569.35986328125,7569.56982421875,4088500,0.0,0.0
2026-06-03 14:13:00-04:00,7569.52001953125,7569.52001953125,7567.91015625,7567.97998046875,3831948,0.0,0.0
2026-06-03 14:14:00-04:00,7568.10009765625,7569.740234375,7567.43994140625,7568.52978515625,4408945,0.0,0.0
2026-06-03 14:15:00-04:00,7568.68994140625,7568.77001953125,7566.7001953125,7567.27978515625,4109618,0.0,0.0
2026-06-03 14:16:00-04:00,7567.259765625,7567.35009765625,7566.0400390625,7566.14990234375,3620785,0.0,0.0
2026-06-03 14:17:00-04:00,7565.9599609375,7567.85986328125,7565.919921875,7567.58984375,3569759,0.0,0.0
2026-06-03 14:18:00-04:00,7567.5400390625,7568.6201171875,7567.31982421875,7568.25,3703040,0.0,0.0
2026-06-03 14:19:00-04:00,7568.419921875,7570.8798828125,7567.93994140625,7570.77978515625,4274043,0.0,0.0
2026-06-03 14:20:00-04:00,7570.89990234375,7570.89990234375,7568.68994140625,7570.10986328125,5919568,0.0,0.0
2026-06-03 14:21:00-04:00,7569.7900390625,7571.10986328125,7569.60986328125,7570.7001953125,3611272,0.0,0.0
2026-06-03 14:22:00-04:00,7570.580078125,7571.419921875,7570.25,7571.27001953125,4042991,0.0,0.0
2026-06-03 14:23:00-04:00,7571.22021484375,7571.9599609375,7571.02001953125,7571.169921875,4399995,0.0,0.0
2026-06-03 14:24:00-04:00,7571.10986328125,7573.0,7571.10986328125,7572.68017578125,3748178,0.0,0.0
2026-06-03 14:25:00-04:00,7572.7900390625,7574.18994140625,7572.56005859375,7574.18994140625,3720353,0.0,0.0
2026-06-03 14:26:00-04:00,7574.330078125,7576.169921875,7574.259765625,7576.169921875,4482649,0.0,0.0
2026-06-03 14:27:00-04:00,7576.2099609375,7576.4501953125,7575.33984375,7575.740234375,4995236,0.0,0.0
2026-06-03 14:28:00-04:00,7576.0498046875,7576.35009765625,7574.669921875,7574.75,5420578,0.0,0.0
2026-06-03 14:29:00-04:00,7574.7900390625,7575.7001953125,7574.64013671875,7575.7001953125,4408505,0.0,0.0
2026-06-03 14:30:00-04:00,7575.759765625,7576.43994140625,7575.75,7575.93994140625,4452205,0.0,0.0
2026-06-03 14:31:00-04:00,7575.990234375,7576.27978515625,7575.169921875,7575.6201171875,5394256,0.0,0.0
2026-06-03 14:32:00-04:00,7575.7900390625,7576.14990234375,7575.43994140625,7575.64013671875,5060479,0.0,0.0
2026-06-03 14:33:00-04:00,7575.66015625,7575.89013671875,7574.580078125,7574.68994140625,5003718,0.0,0.0
2026-06-03 14:34:00-04:00,7574.60986328125,7574.7998046875,7572.93994140625,7573.56982421875,4947611,0.0,0.0
2026-06-03 14:35:00-04:00,7573.52978515625,7573.58984375,7571.5498046875,7571.6298828125,4210726,0.0,0.0
2026-06-03 14:36:00-04:00,7571.68017578125,7573.43017578125,7571.68017578125,7573.0498046875,4265319,0.0,0.0
2026-06-03 14:37:00-04:00,7573.009765625,7574.68017578125,7573.009765625,7574.47021484375,5042961,0.0,0.0
2026-06-03 14:38:00-04:00,7574.5400390625,7575.0,7572.77001953125,7573.2001953125,5096727,0.0,0.0
2026-06-03 14:39:00-04:00,7573.0400390625,7574.0400390625,7572.3701171875,7573.22021484375,5000997,0.0,0.0
2026-06-03 14:40:00-04:00,7573.2900390625,7573.4599609375,7571.9501953125,7572.39013671875,5392175,0.0,0.0
2026-06-03 14:41:00-04:00,7572.27978515625,7572.83984375,7572.22021484375,7572.4501953125,4925292,0.0,0.0
2026-06-03 14:42:00-04:00,7572.490234375,7572.919921875,7572.02001953125,7572.35986328125,4313044,0.0,0.0
2026-06-03 14:43:00-04:00,7572.39990234375,7573.5498046875,7572.3701171875,7573.0,4180272,0.0,0.0
2026-06-03 14:44:00-04:00,7573.0,7573.68994140625,7572.7099609375,7573.0400390625,4353915,0.0,0.0
2026-06-03 14:45:00-04:00,7572.91015625,7574.18994140625,7572.72998046875,7573.91015625,3702221,0.0,0.0
2026-06-03 14:46:00-04:00,7574.06005859375,7574.8798828125,7573.5498046875,7573.75,5161223,0.0,0.0
2026-06-03 14:47:00-04:00,7573.7099609375,7574.31982421875,7573.47998046875,7573.490234375,4722349,0.0,0.0
2026-06-03 14:48:00-04:00,7573.7001953125,7574.25,7573.52978515625,7573.8701171875,4706742,0.0,0.0
2026-06-03 14:49:00-04:00,7573.7900390625,7573.7900390625,7572.18017578125,7572.18017578125,4492991,0.0,0.0
2026-06-03 14:50:00-04:00,7572.240234375,7572.25,7571.169921875,7572.18994140625,4244512,0.0,0.0
2026-06-03 14:51:00-04:00,7572.02978515625,7573.169921875,7571.419921875,7572.2900390625,4536636,0.0,0.0
2026-06-03 14:52:00-04:00,7572.2900390625,7572.2900390625,7571.2900390625,7571.509765625,4577296,0.0,0.0
2026-06-03 14:53:00-04:00,7571.52978515625,7571.58984375,7570.66015625,7571.14013671875,5565264,0.0,0.0
2026-06-03 14:54:00-04:00,7571.22998046875,7572.66015625,7571.22998046875,7572.240234375,4476040,0.0,0.0
2026-06-03 14:55:00-04:00,7571.97998046875,7572.3701171875,7571.35009765625,7571.419921875,4559566,0.0,0.0
2026-06-03 14:56:00-04:00,7571.35986328125,7572.240234375,7571.2900390625,7571.31982421875,4336053,0.0,0.0
2026-06-03 14:57:00-04:00,7571.33984375,7572.64990234375,7571.2001953125,7571.7001953125,4685350,0.0,0.0
2026-06-03 14:58:00-04:00,7571.72998046875,7573.5400390625,7571.43994140625,7572.5498046875,4781837,0.0,0.0
2026-06-03 14:59:00-04:00,7572.56982421875,7572.83984375,7571.22998046875,7572.0498046875,4744404,0.0,0.0
2026-06-03 15:00:00-04:00,7571.9599609375,7571.9599609375,7568.97021484375,7569.8798828125,6008182,0.0,0.0
2026-06-03 15:01:00-04:00,7570.009765625,7570.009765625,7567.509765625,7567.72021484375,5341099,0.0,0.0
2026-06-03 15:02:00-04:00,7567.68994140625,7567.72998046875,7566.18994140625,7566.35009765625,5480916,0.0,0.0
2026-06-03 15:03:00-04:00,7566.33984375,7566.580078125,7565.4501953125,7566.10009765625,5025200,0.0,0.0
2026-06-03 15:04:00-04:00,7566.0498046875,7567.10986328125,7565.06005859375,7566.52978515625,5427245,0.0,0.0
2026-06-03 15:05:00-04:00,7566.6201171875,7568.39013671875,7566.419921875,7567.8798828125,6064306,0.0,0.0
2026-06-03 15:06:00-04:00,7567.6298828125,7568.990234375,7567.39013671875,7567.43994140625,4797112,0.0,0.0
2026-06-03 15:07:00-04:00,7567.509765625,7569.6298828125,7567.509765625,7569.43017578125,4663335,0.0,0.0
2026-06-03 15:08:00-04:00,7569.4501953125,7570.169921875,7568.919921875,7569.60009765625,4505217,0.0,0.0
2026-06-03 15:09:00-04:00,7569.66015625,7569.66015625,7567.3701171875,7567.47998046875,5249517,0.0,0.0
2026-06-03 15:10:00-04:00,7567.4501953125,7567.8701171875,7566.14990234375,7566.14990234375,5440201,0.0,0.0
2026-06-03 15:11:00-04:00,7566.1201171875,7566.419921875,7563.56982421875,7563.6298828125,5040739,0.0,0.0
2026-06-03 15:12:00-04:00,7563.75,7564.39990234375,7563.419921875,7564.2001953125,5629414,0.0,0.0
2026-06-03 15:13:00-04:00,7564.1298828125,7566.0,7564.009765625,7565.97021484375,4899234,0.0,0.0
2026-06-03 15:14:00-04:00,7565.97998046875,7566.60986328125,7565.740234375,7566.2001953125,5939500,0.0,0.0
2026-06-03 15:15:00-04:00,7566.39990234375,7566.77001953125,7564.83984375,7564.919921875,5811035,0.0,0.0
2026-06-03 15:16:00-04:00,7564.990234375,7567.43994140625,7564.83984375,7566.830078125,6258812,0.0,0.0
2026-06-03 15:17:00-04:00,7566.72021484375,7570.18017578125,7566.72021484375,7568.18017578125,7497964,0.0,0.0
2026-06-03 15:18:00-04:00,7568.25,7568.7099609375,7567.10986328125,7567.10986328125,5826337,0.0,0.0
2026-06-03 15:19:00-04:00,7566.7998046875,7567.68017578125,7565.830078125,7567.33984375,5827341,0.0,0.0
2026-06-03 15:20:00-04:00,7567.18994140625,7567.740234375,7566.68017578125,7567.39013671875,5579263,0.0,0.0
2026-06-03 15:21:00-04:00,7567.2900390625,7567.35986328125,7563.77001953125,7563.7998046875,6815672,0.0,0.0
2026-06-03 15:22:00-04:00,7563.75,7564.27001953125,7563.16015625,7563.669921875,6072978,0.0,0.0
2026-06-03 15:23:00-04:00,7563.830078125,7564.919921875,7563.830078125,7564.68994140625,6122240,0.0,0.0
2026-06-03 15:24:00-04:00,7564.669921875,7565.240234375,7562.85986328125,7562.85986328125,6837979,0.0,0.0
2026-06-03 15:25:00-04:00,7562.83984375,7563.33984375,7562.52978515625,7562.68994140625,5915414,0.0,0.0
2026-06-03 15:26:00-04:00,7562.64990234375,7564.1298828125,7562.4599609375,7563.1298828125,6392758,0.0,0.0
2026-06-03 15:27:00-04:00,7563.06005859375,7563.419921875,7561.9501953125,7562.990234375,7365684,0.0,0.0
2026-06-03 15:28:00-04:00,7562.91015625,7563.68994140625,7562.06005859375,7562.740234375,8611478,0.0,0.0
2026-06-03 15:29:00-04:00,7562.68017578125,7564.52001953125,7562.68017578125,7564.3798828125,8136976,0.0,0.0
2026-06-03 15:30:00-04:00,7564.43017578125,7565.4599609375,7563.58984375,7563.759765625,11784751,0.0,0.0
2026-06-03 15:31:00-04:00,7563.830078125,7564.740234375,7563.5,7563.5400390625,7329087,0.0,0.0
2026-06-03 15:32:00-04:00,7563.669921875,7564.0400390625,7562.43994140625,7562.83984375,8226441,0.0,0.0
2026-06-03 15:33:00-04:00,7562.580078125,7563.5498046875,7562.33984375,7562.8798828125,8745280,0.0,0.0
2026-06-03 15:34:00-04:00,7562.91015625,7564.27978515625,7562.60009765625,7564.009765625,7185854,0.0,0.0
2026-06-03 15:35:00-04:00,7564.0498046875,7565.330078125,7563.3701171875,7565.2001953125,10093589,0.0,0.0
2026-06-03 15:36:00-04:00,7565.330078125,7566.85009765625,7565.169921875,7566.85009765625,7926139,0.0,0.0
2026-06-03 15:37:00-04:00,7566.85986328125,7568.3798828125,7566.60009765625,7568.16015625,7701118,0.0,0.0
2026-06-03 15:38:00-04:00,7568.2900390625,7568.93994140625,7567.10009765625,7568.91015625,7856209,0.0,0.0
2026-06-03 15:39:00-04:00,7568.97021484375,7570.14990234375,7568.7001953125,7569.64990234375,7747143,0.0,0.0
2026-06-03 15:40:00-04:00,7569.31005859375,7570.02978515625,7568.2099609375,7569.93994140625,9335188,0.0,0.0
2026-06-03 15:41:00-04:00,7569.97021484375,7570.1201171875,7568.89013671875,7569.7099609375,8532061,0.0,0.0
2026-06-03 15:42:00-04:00,7569.77978515625,7570.60986328125,7568.97021484375,7570.1298828125,8783294,0.0,0.0
2026-06-03 15:43:00-04:00,7570.080078125,7570.31005859375,7569.580078125,7570.18994140625,8319828,0.0,0.0
2026-06-03 15:44:00-04:00,7570.2099609375,7570.22998046875,7568.85009765625,7568.85009765625,8389366,0.0,0.0
2026-06-03 15:45:00-04:00,7568.81982421875,7568.830078125,7567.18017578125,7567.56005859375,11158377,0.0,0.0
2026-06-03 15:46:00-04:00,7567.35009765625,7568.2099609375,7566.89013671875,7567.47021484375,11260151,0.0,0.0
2026-06-03 15:47:00-04:00,7567.490234375,7568.39990234375,7567.169921875,7568.39990234375,10293741,0.0,0.0
2026-06-03 15:48:00-04:00,7568.2998046875,7569.740234375,7568.2998046875,7568.759765625,11400379,0.0,0.0
2026-06-03 15:49:00-04:00,7568.75,7570.259765625,7568.75,7569.1201171875,12342061,0.0,0.0
2026-06-03 15:50:00-04:00,7569.169921875,7569.169921875,7563.5,7564.31005859375,19931865,0.0,0.0
2026-06-03 15:51:00-04:00,7563.990234375,7564.580078125,7563.56005859375,7563.60009765625,15917953,0.0,0.0
2026-06-03 15:52:00-04:00,7563.7998046875,7564.1201171875,7561.97021484375,7561.97998046875,16360217,0.0,0.0
2026-06-03 15:53:00-04:00,7562.39013671875,7563.2998046875,7561.68994140625,7563.2998046875,16694870,0.0,0.0
2026-06-03 15:54:00-04:00,7563.43017578125,7563.77001953125,7560.81005859375,7561.080078125,17470291,0.0,0.0
2026-06-03 15:55:00-04:00,7561.18994140625,7562.85009765625,7558.669921875,7561.56982421875,19806771,0.0,0.0
2026-06-03 15:56:00-04:00,7561.58984375,7563.5498046875,7561.0400390625,7562.85986328125,20636233,0.0,0.0
2026-06-03 15:57:00-04:00,7562.9599609375,7563.60986328125,7561.3701171875,7561.64013671875,18948622,0.0,0.0
2026-06-03 15:58:00-04:00,7561.47021484375,7561.47021484375,7559.4501953125,7560.31982421875,18854413,0.0,0.0
2026-06-03 15:59:00-04:00,7559.52001953125,7559.52001953125,7553.64990234375,7556.81982421875,20495294,0.0,0.0
2026-06-04 09:30:00-04:00,7516.5400390625,7529.68994140625,7516.5400390625,7529.5400390625,41719800,0.0,0.0
2026-06-04 09:31:00-04:00,7529.43017578125,7534.240234375,7528.41015625,7530.60009765625,20969336,0.0,0.0
2026-06-04 09:32:00-04:00,7531.740234375,7539.35986328125,7529.9501953125,7539.35986328125,21209401,0.0,0.0
2026-06-04 09:33:00-04:00,7538.7900390625,7542.02001953125,7537.89013671875,7541.43017578125,20372573,0.0,0.0
2026-06-04 09:34:00-04:00,7541.66015625,7544.47998046875,7539.89990234375,7543.43994140625,15541237,0.0,0.0
2026-06-04 09:35:00-04:00,7542.72998046875,7542.91015625,7538.91015625,7540.009765625,12365231,0.0,0.0
2026-06-04 09:36:00-04:00,7539.6201171875,7543.330078125,7538.93017578125,7541.58984375,12662291,0.0,0.0
2026-06-04 09:37:00-04:00,7541.580078125,7549.2900390625,7541.580078125,7547.919921875,12245970,0.0,0.0
2026-06-04 09:38:00-04:00,7548.0,7548.0,7544.240234375,7546.4501953125,11278140,0.0,0.0
2026-06-04 09:39:00-04:00,7546.33984375,7546.72998046875,7543.1201171875,7543.85009765625,10094059,0.0,0.0
2026-06-04 09:40:00-04:00,7543.72021484375,7545.83984375,7539.1298828125,7539.93994140625,10785036,0.0,0.0
2026-06-04 09:41:00-04:00,7539.759765625,7541.22021484375,7539.10009765625,7539.10009765625,10930861,0.0,0.0
2026-06-04 09:42:00-04:00,7539.52001953125,7540.8701171875,7536.64990234375,7536.759765625,10355028,0.0,0.0
2026-06-04 09:43:00-04:00,7536.60986328125,7539.08984375,7536.10009765625,7536.419921875,12099034,0.0,0.0
2026-06-04 09:44:00-04:00,7536.14013671875,7538.47021484375,7533.68994140625,7534.5,9810584,0.0,0.0
2026-06-04 09:45:00-04:00,7534.419921875,7534.419921875,7530.6298828125,7530.6298828125,11725639,0.0,0.0
2026-06-04 09:46:00-04:00,7530.5400390625,7538.47021484375,7530.16015625,7535.68017578125,10882208,0.0,0.0
2026-06-04 09:47:00-04:00,7535.7900390625,7541.35009765625,7535.60009765625,7540.1298828125,10252331,0.0,0.0
2026-06-04 09:48:00-04:00,7540.2001953125,7541.8798828125,7538.580078125,7541.22021484375,8953401,0.0,0.0
2026-06-04 09:49:00-04:00,7541.25,7541.89990234375,7537.5,7539.5,8913076,0.0,0.0
2026-06-04 09:50:00-04:00,7539.669921875,7540.2099609375,7536.330078125,7540.2099609375,9931748,0.0,0.0
2026-06-04 09:51:00-04:00,7540.490234375,7545.2001953125,7538.66015625,7545.2001953125,8607008,0.0,0.0
2026-06-04 09:52:00-04:00,7545.5,7547.419921875,7542.58984375,7543.02978515625,8996586,0.0,0.0
2026-06-04 09:53:00-04:00,7542.81982421875,7545.60986328125,7540.7001953125,7542.97021484375,7926063,0.0,0.0
2026-06-04 09:54:00-04:00,7542.89990234375,7543.60986328125,7540.08984375,7542.7099609375,8358159,0.0,0.0
2026-06-04 09:55:00-04:00,7542.47998046875,7544.669921875,7540.7001953125,7542.06005859375,8990124,0.0,0.0
2026-06-04 09:56:00-04:00,7542.16015625,7544.33984375,7541.31982421875,7544.22998046875,8070719,0.0,0.0
2026-06-04 09:57:00-04:00,7544.25,7548.490234375,7544.18994140625,7548.1201171875,8044795,0.0,0.0
2026-06-04 09:58:00-04:00,7547.91015625,7551.240234375,7547.91015625,7549.77978515625,8437664,0.0,0.0
2026-06-04 09:59:00-04:00,7549.52978515625,7551.1201171875,7545.52978515625,7545.64990234375,10430533,0.0,0.0
2026-06-04 10:00:00-04:00,7545.830078125,7549.43994140625,7545.4501953125,7546.4599609375,11466772,0.0,0.0
2026-06-04 10:01:00-04:00,7546.6298828125,7548.33984375,7546.22021484375,7546.89990234375,9039294,0.0,0.0
2026-06-04 10:02:00-04:00,7547.02978515625,7547.3701171875,7543.58984375,7543.58984375,10564167,0.0,0.0
2026-06-04 10:03:00-04:00,7543.919921875,7543.93994140625,7541.7001953125,7543.10009765625,9600967,0.0,0.0
2026-06-04 10:04:00-04:00,7542.52978515625,7543.22998046875,7540.33984375,7540.4501953125,11136632,0.0,0.0
2026-06-04 10:05:00-04:00,7540.18994140625,7540.2099609375,7536.47998046875,7538.419921875,11164075,0.0,0.0
2026-06-04 10:06:00-04:00,7538.7900390625,7541.97998046875,7536.240234375,7538.60009765625,11665746,0.0,0.0
2026-06-04 10:07:00-04:00,7538.35009765625,7540.919921875,7536.64990234375,7538.7001953125,10110362,0.0,0.0
2026-06-04 10:08:00-04:00,7538.580078125,7541.89990234375,7538.580078125,7541.68017578125,7918472,0.0,0.0
2026-06-04 10:09:00-04:00,7542.06005859375,7543.02001953125,7540.85009765625,7541.56005859375,9006268,0.0,0.0
2026-06-04 10:10:00-04:00,7541.2900390625,7546.580078125,7541.08984375,7546.43017578125,9890758,0.0,0.0
2026-06-04 10:11:00-04:00,7546.740234375,7551.43994140625,7546.27001953125,7550.39013671875,9958941,0.0,0.0
2026-06-04 10:12:00-04:00,7550.490234375,7550.490234375,7547.35009765625,7547.4599609375,8658115,0.0,0.0
2026-06-04 10:13:00-04:00,7547.18994140625,7547.18994140625,7544.1298828125,7544.85986328125,9576592,0.0,0.0
2026-06-04 10:14:00-04:00,7544.5,7548.58984375,7544.47021484375,7548.58984375,7581765,0.0,0.0
2026-06-04 10:15:00-04:00,7548.68994140625,7549.8798828125,7548.43994140625,7548.7900390625,8742242,0.0,0.0
2026-06-04 10:16:00-04:00,7549.2998046875,7551.43017578125,7548.68017578125,7550.35009765625,8579648,0.0,0.0
2026-06-04 10:17:00-04:00,7550.240234375,7550.91015625,7547.56982421875,7550.509765625,8552584,0.0,0.0
2026-06-04 10:18:00-04:00,7550.27001953125,7550.4501953125,7546.759765625,7548.35009765625,8364701,0.0,0.0
2026-06-04 10:19:00-04:00,7548.35009765625,7548.58984375,7546.81005859375,7547.39013671875,7647139,0.0,0.0
2026-06-04 10:20:00-04:00,7546.58984375,7548.1201171875,7546.1201171875,7546.1201171875,7533425,0.0,0.0
2026-06-04 10:21:00-04:00,7546.080078125,7550.0498046875,7545.4501953125,7549.31005859375,7745467,0.0,0.0
2026-06-04 10:22:00-04:00,7549.2001953125,7551.330078125,7549.2001953125,7551.330078125,6767312,0.0,0.0
2026-06-04 10:23:00-04:00,7551.60009765625,7555.33984375,7551.1201171875,7555.33984375,7410259,0.0,0.0
2026-06-04 10:24:00-04:00,7555.31005859375,7557.16015625,7554.35986328125,7556.8798828125,9380525,0.0,0.0
2026-06-04 10:25:00-04:00,7556.89990234375,7557.56982421875,7556.2001953125,7556.7001953125,7197577,0.0,0.0
2026-06-04 10:26:00-04:00,7556.47998046875,7556.52001953125,7554.83984375,7554.85009765625,7482920,0.0,0.0
2026-06-04 10:27:00-04:00,7555.06005859375,7556.72021484375,7554.240234375,7556.52978515625,7189178,0.0,0.0
2026-06-04 10:28:00-04:00,7556.18017578125,7557.72998046875,7555.509765625,7556.10986328125,6058237,0.0,0.0
2026-06-04 10:29:00-04:00,7556.240234375,7556.47021484375,7553.990234375,7554.490234375,6548076,0.0,0.0
2026-06-04 10:30:00-04:00,7554.43994140625,7555.330078125,7552.22998046875,7552.240234375,7261652,0.0,0.0
2026-06-04 10:31:00-04:00,7552.27978515625,7553.919921875,7551.0498046875,7551.66015625,7006298,0.0,0.0
2026-06-04 10:32:00-04:00,7551.72998046875,7552.39013671875,7550.509765625,7551.43994140625,6551491,0.0,0.0
2026-06-04 10:33:00-04:00,7551.009765625,7553.35009765625,7550.669921875,7552.89990234375,6702620,0.0,0.0
2026-06-04 10:34:00-04:00,7553.0400390625,7555.919921875,7553.009765625,7554.43994140625,8115833,0.0,0.0
2026-06-04 10:35:00-04:00,7553.91015625,7554.56005859375,7550.64990234375,7550.7900390625,6633219,0.0,0.0
2026-06-04 10:36:00-04:00,7550.75,7553.759765625,7549.990234375,7552.08984375,6981729,0.0,0.0
2026-06-04 10:37:00-04:00,7552.2001953125,7552.9501953125,7551.0400390625,7552.52978515625,5709613,0.0,0.0
2026-06-04 10:38:00-04:00,7552.33984375,7554.0498046875,7551.89990234375,7551.89990234375,5344840,0.0,0.0
2026-06-04 10:39:00-04:00,7551.6201171875,7552.5498046875,7550.39013671875,7551.56982421875,5362772,0.0,0.0
2026-06-04 10:40:00-04:00,7551.2998046875,7554.330078125,7551.2998046875,7553.91015625,6557163,0.0,0.0
2026-06-04 10:41:00-04:00,7553.89013671875,7555.97021484375,7553.81005859375,7555.9599609375,5643584,0.0,0.0
2026-06-04 10:42:00-04:00,7555.6201171875,7556.08984375,7554.6201171875,7554.66015625,5456451,0.0,0.0
2026-06-04 10:43:00-04:00,7554.72021484375,7555.43017578125,7554.14013671875,7554.77001953125,6210071,0.0,0.0
2026-06-04 10:44:00-04:00,7554.81982421875,7555.3701171875,7553.02978515625,7553.02978515625,5181514,0.0,0.0
2026-06-04 10:45:00-04:00,7553.18017578125,7554.2998046875,7552.31005859375,7554.2998046875,5873141,0.0,0.0
2026-06-04 10:46:00-04:00,7554.240234375,7557.3701171875,7553.93994140625,7556.3701171875,6495067,0.0,0.0
2026-06-04 10:47:00-04:00,7556.5400390625,7556.66015625,7554.93994140625,7554.93994140625,5310259,0.0,0.0
2026-06-04 10:48:00-04:00,7554.5400390625,7554.75,7549.330078125,7549.330078125,5256116,0.0,0.0
2026-06-04 10:49:00-04:00,7549.39990234375,7551.58984375,7548.7001953125,7551.580078125,5993057,0.0,0.0
2026-06-04 10:50:00-04:00,7551.85986328125,7553.419921875,7550.14990234375,7553.419921875,5100052,0.0,0.0
2026-06-04 10:51:00-04:00,7553.259765625,7553.2900390625,7551.509765625,7552.5400390625,7696740,0.0,0.0
2026-06-04 10:52:00-04:00,7552.7001953125,7552.7001953125,7551.25,7551.580078125,6134906,0.0,0.0
2026-06-04 10:53:00-04:00,7551.52978515625,7551.6201171875,7549.9501953125,7550.25,5559082,0.0,0.0
2026-06-04 10:54:00-04:00,7550.35986328125,7553.89990234375,7549.91015625,7553.0498046875,7093151,0.0,0.0
2026-06-04 10:55:00-04:00,7553.10009765625,7554.25,7552.64990234375,7553.8701171875,6090328,0.0,0.0
2026-06-04 10:56:00-04:00,7553.89990234375,7556.1201171875,7553.89990234375,7555.6201171875,6956749,0.0,0.0
2026-06-04 10:57:00-04:00,7555.81982421875,7556.9599609375,7553.97021484375,7556.2001953125,6851303,0.0,0.0
2026-06-04 10:58:00-04:00,7555.990234375,7556.10009765625,7554.66015625,7555.25,6352034,0.0,0.0
2026-06-04 10:59:00-04:00,7555.64013671875,7556.72998046875,7555.3798828125,7556.72998046875,6116694,0.0,0.0
2026-06-04 11:00:00-04:00,7556.97021484375,7559.7099609375,7556.7900390625,7559.669921875,7541232,0.0,0.0
2026-06-04 11:01:00-04:00,7559.68994140625,7560.43994140625,7558.75,7560.419921875,6526739,0.0,0.0
2026-06-04 11:02:00-04:00,7560.43994140625,7561.06982421875,7559.5400390625,7560.3798828125,5884937,0.0,0.0
2026-06-04 11:03:00-04:00,7560.7099609375,7561.6201171875,7559.93994140625,7560.7001953125,6257590,0.0,0.0
2026-06-04 11:04:00-04:00,7560.68017578125,7560.93017578125,7559.0,7559.91015625,5465967,0.0,0.0
2026-06-04 11:05:00-04:00,7559.7998046875,7562.10986328125,7559.64013671875,7561.31982421875,5934734,0.0,0.0
2026-06-04 11:06:00-04:00,7561.39990234375,7563.10986328125,7561.1298828125,7562.43017578125,5409828,0.0,0.0
2026-06-04 11:07:00-04:00,7562.509765625,7565.10986328125,7562.27978515625,7564.759765625,6732035,0.0,0.0
2026-06-04 11:08:00-04:00,7564.759765625,7568.02978515625,7564.02001953125,7567.85986328125,5968489,0.0,0.0
2026-06-04 11:09:00-04:00,7567.830078125,7569.64013671875,7567.77978515625,7568.5400390625,5520867,0.0,0.0
2026-06-04 11:10:00-04:00,7568.52001953125,7569.14013671875,7566.72998046875,7568.9599609375,6874981,0.0,0.0
2026-06-04 11:11:00-04:00,7568.9599609375,7570.2998046875,7568.9501953125,7570.2998046875,6047147,0.0,0.0
2026-06-04 11:12:00-04:00,7570.31005859375,7571.25,7569.759765625,7570.47021484375,6251097,0.0,0.0
2026-06-04 11:13:00-04:00,7570.89013671875,7570.89013671875,7568.509765625,7569.10986328125,5851335,0.0,0.0
2026-06-04 11:14:00-04:00,7569.08984375,7571.16015625,7568.919921875,7570.77978515625,5436907,0.0,0.0
2026-06-04 11:15:00-04:00,7571.02001953125,7572.4501953125,7569.919921875,7572.27978515625,6691679,0.0,0.0
2026-06-04 11:16:00-04:00,7572.2900390625,7573.58984375,7571.9599609375,7573.58984375,6040556,0.0,0.0
2026-06-04 11:17:00-04:00,7573.47998046875,7574.5,7572.8701171875,7573.8701171875,5622824,0.0,0.0
2026-06-04 11:18:00-04:00,7573.7001953125,7573.759765625,7571.4501953125,7571.4501953125,6346580,0.0,0.0
2026-06-04 11:19:00-04:00,7571.60986328125,7571.97021484375,7570.830078125,7571.52001953125,5229681,0.0,0.0
2026-06-04 11:20:00-04:00,7571.93994140625,7572.10986328125,7568.93017578125,7568.93017578125,6616109,0.0,0.0
2026-06-04 11:21:00-04:00,7569.1201171875,7570.06005859375,7568.91015625,7569.4599609375,5560992,0.0,0.0
2026-06-04 11:22:00-04:00,7569.66015625,7570.31982421875,7568.9599609375,7569.3798828125,5420330,0.0,0.0
2026-06-04 11:23:00-04:00,7569.3701171875,7569.9599609375,7568.72021484375,7569.5400390625,5410169,0.0,0.0
2026-06-04 11:24:00-04:00,7569.56982421875,7573.08984375,7569.56982421875,7572.56005859375,6249254,0.0,0.0
2026-06-04 11:25:00-04:00,7572.27978515625,7573.02001953125,7571.6298828125,7572.06005859375,4981412,0.0,0.0
2026-06-04 11:26:00-04:00,7572.009765625,7572.08984375,7570.7099609375,7571.52978515625,5505841,0.0,0.0
2026-06-04 11:27:00-04:00,7571.72021484375,7573.31982421875,7571.39013671875,7573.31982421875,7117178,0.0,0.0
2026-06-04 11:28:00-04:00,7573.2099609375,7573.33984375,7570.89990234375,7572.47998046875,5040461,0.0,0.0
2026-06-04 11:29:00-04:00,7572.330078125,7573.85986328125,7572.330078125,7573.85986328125,5543054,0.0,0.0
2026-06-04 11:30:00-04:00,7573.89990234375,7574.7099609375,7572.81982421875,7572.85009765625,6805016,0.0,0.0
2026-06-04 11:31:00-04:00,7572.7900390625,7573.35009765625,7571.72021484375,7572.60986328125,7057989,0.0,0.0
2026-06-04 11:32:00-04:00,7572.43017578125,7574.14013671875,7571.22021484375,7572.0,5890528,0.0,0.0
2026-06-04 11:33:00-04:00,7571.9599609375,7572.3701171875,7571.1201171875,7571.18994140625,5694786,0.0,0.0
2026-06-04 11:34:00-04:00,7571.1298828125,7571.47021484375,7570.22998046875,7571.1298828125,5151399,0.0,0.0
2026-06-04 11:35:00-04:00,7571.27978515625,7571.89013671875,7569.740234375,7571.0498046875,5684214,0.0,0.0
2026-06-04 11:36:00-04:00,7570.8798828125,7572.64990234375,7569.77001953125,7572.31005859375,4871914,0.0,0.0
2026-06-04 11:37:00-04:00,7572.25,7572.91015625,7570.27001953125,7570.27001953125,5874556,0.0,0.0
2026-06-04 11:38:00-04:00,7570.18994140625,7571.31005859375,7570.06982421875,7570.919921875,5468061,0.0,0.0
2026-06-04 11:39:00-04:00,7571.14990234375,7571.43994140625,7570.580078125,7570.93994140625,4362164,0.0,0.0
2026-06-04 11:40:00-04:00,7571.14013671875,7571.97021484375,7570.83984375,7571.8701171875,4916406,0.0,0.0
2026-06-04 11:41:00-04:00,7571.8798828125,7572.0,7569.56982421875,7570.1201171875,5997237,0.0,0.0
2026-06-04 11:42:00-04:00,7570.18994140625,7570.18994140625,7569.27001953125,7569.68017578125,4765783,0.0,0.0
2026-06-04 11:43:00-04:00,7569.7001953125,7569.85009765625,7568.4599609375,7568.60986328125,4525158,0.0,0.0
2026-06-04 11:44:00-04:00,7568.7001953125,7568.7001953125,7566.43994140625,7567.22998046875,4812250,0.0,0.0
2026-06-04 11:45:00-04:00,7567.330078125,7567.93017578125,7566.35009765625,7566.39990234375,5402723,0.0,0.0
2026-06-04 11:46:00-04:00,7566.2998046875,7568.81982421875,7566.2998046875,7567.52001953125,4960757,0.0,0.0
2026-06-04 11:47:00-04:00,7567.31005859375,7567.89013671875,7564.919921875,7565.080078125,5429451,0.0,0.0
2026-06-04 11:48:00-04:00,7564.8701171875,7565.97021484375,7563.52978515625,7564.39013671875,6299284,0.0,0.0
2026-06-04 11:49:00-04:00,7564.3701171875,7564.56982421875,7562.7998046875,7563.72998046875,5464379,0.0,0.0
2026-06-04 11:50:00-04:00,7563.72998046875,7565.68994140625,7562.47021484375,7563.31982421875,5332584,0.0,0.0
2026-06-04 11:51:00-04:00,7563.35009765625,7564.9501953125,7563.02978515625,7564.9501953125,4813561,0.0,0.0
2026-06-04 11:52:00-04:00,7565.31005859375,7567.83984375,7565.22021484375,7567.68017578125,5267723,0.0,0.0
2026-06-04 11:53:00-04:00,7567.4599609375,7569.259765625,7567.31005859375,7569.02001953125,5419738,0.0,0.0
2026-06-04 11:54:00-04:00,7568.97021484375,7568.97021484375,7567.240234375,7567.5,4462428,0.0,0.0
2026-06-04 11:55:00-04:00,7567.39013671875,7567.990234375,7565.85986328125,7567.3798828125,4819800,0.0,0.0
2026-06-04 11:56:00-04:00,7567.4501953125,7567.4501953125,7566.16015625,7566.169921875,4699642,0.0,0.0
2026-06-04 11:57:00-04:00,7566.14990234375,7567.85986328125,7565.740234375,7567.25,4447579,0.0,0.0
2026-06-04 11:58:00-04:00,7567.2900390625,7569.2099609375,7567.0400390625,7568.35986328125,5269966,0.0,0.0
2026-06-04 11:59:00-04:00,7568.6201171875,7568.89990234375,7567.080078125,7567.58984375,4408009,0.0,0.0
2026-06-04 12:00:00-04:00,7567.740234375,7568.1201171875,7566.080078125,7566.5498046875,5964109,0.0,0.0
2026-06-04 12:01:00-04:00,7566.669921875,7570.39990234375,7566.669921875,7570.22021484375,4886792,0.0,0.0
2026-06-04 12:02:00-04:00,7570.2998046875,7570.64013671875,7568.72998046875,7570.22998046875,5301191,0.0,0.0
2026-06-04 12:03:00-04:00,7570.14990234375,7570.669921875,7569.77978515625,7569.97021484375,4218059,0.0,0.0
2026-06-04 12:04:00-04:00,7569.9501953125,7570.1201171875,7568.8701171875,7569.66015625,4413137,0.0,0.0
2026-06-04 12:05:00-04:00,7569.5,7570.4501953125,7568.72998046875,7569.919921875,3671309,0.0,0.0
2026-06-04 12:06:00-04:00,7569.72998046875,7573.10009765625,7569.72998046875,7572.6298828125,4139684,0.0,0.0
2026-06-04 12:07:00-04:00,7572.77001953125,7574.02978515625,7572.35986328125,7573.68994140625,4039562,0.0,0.0
2026-06-04 12:08:00-04:00,7573.6298828125,7576.02001953125,7573.58984375,7576.0,3939731,0.0,0.0
2026-06-04 12:09:00-04:00,7575.97021484375,7578.1298828125,7575.43994140625,7577.1298828125,4171858,0.0,0.0
2026-06-04 12:10:00-04:00,7576.830078125,7577.33984375,7575.7001953125,7576.85986328125,3893652,0.0,0.0
2026-06-04 12:11:00-04:00,7576.72998046875,7578.08984375,7576.56005859375,7577.7900390625,4055609,0.0,0.0
2026-06-04 12:12:00-04:00,7577.60009765625,7578.18994140625,7577.240234375,7577.43017578125,4143942,0.0,0.0
2026-06-04 12:13:00-04:00,7577.43017578125,7577.97021484375,7576.6201171875,7576.7099609375,4617063,0.0,0.0
2026-06-04 12:14:00-04:00,7576.580078125,7577.08984375,7576.25,7576.77001953125,4118992,0.0,0.0
2026-06-04 12:15:00-04:00,7576.85986328125,7578.2998046875,7576.6201171875,7577.68017578125,4364258,0.0,0.0
2026-06-04 12:16:00-04:00,7577.77001953125,7579.3798828125,7577.43994140625,7579.2001953125,4525168,0.0,0.0
2026-06-04 12:17:00-04:00,7579.10009765625,7579.97998046875,7578.97998046875,7579.7900390625,5926364,0.0,0.0
2026-06-04 12:18:00-04:00,7579.72021484375,7580.18017578125,7578.1298828125,7578.1298828125,4404706,0.0,0.0
2026-06-04 12:19:00-04:00,7577.89013671875,7579.25,7577.31982421875,7578.31005859375,4016383,0.0,0.0
2026-06-04 12:20:00-04:00,7578.39013671875,7578.759765625,7577.83984375,7578.759765625,4608886,0.0,0.0
2026-06-04 12:21:00-04:00,7578.77001953125,7579.8701171875,7577.77978515625,7579.27001953125,4784067,0.0,0.0
2026-06-04 12:22:00-04:00,7579.5498046875,7580.0498046875,7579.02001953125,7579.75,4224414,0.0,0.0
2026-06-04 12:23:00-04:00,7579.830078125,7581.25,7579.31005859375,7580.64990234375,4746378,0.0,0.0
2026-06-04 12:24:00-04:00,7580.64013671875,7581.6201171875,7580.2900390625,7580.83984375,5011314,0.0,0.0
2026-06-04 12:25:00-04:00,7580.68994140625,7581.06982421875,7578.35009765625,7579.60986328125,5241279,0.0,0.0
2026-06-04 12:26:00-04:00,7579.6298828125,7580.5498046875,7578.97021484375,7579.52978515625,4313615,0.0,0.0
2026-06-04 12:27:00-04:00,7579.5498046875,7580.72021484375,7579.2998046875,7580.72021484375,4384654,0.0,0.0
2026-06-04 12:28:00-04:00,7580.6201171875,7580.6201171875,7579.18994140625,7580.0400390625,4751930,0.0,0.0
2026-06-04 12:29:00-04:00,7580.06982421875,7580.18994140625,7579.18017578125,7579.43994140625,4270239,0.0,0.0
2026-06-04 12:30:00-04:00,7579.4501953125,7579.7099609375,7576.7001953125,7577.06005859375,5123934,0.0,0.0
2026-06-04 12:31:00-04:00,7576.919921875,7577.68994140625,7575.25,7575.31005859375,4425269,0.0,0.0
2026-06-04 12:32:00-04:00,7575.16015625,7577.5498046875,7575.16015625,7577.2998046875,4411458,0.0,0.0
2026-06-04 12:33:00-04:00,7577.43994140625,7578.31982421875,7576.85986328125,7577.5,3959115,0.0,0.0
2026-06-04 12:34:00-04:00,7577.4599609375,7578.77001953125,7577.2099609375,7578.259765625,4726537,0.0,0.0
2026-06-04 12:35:00-04:00,7578.240234375,7578.509765625,7577.14013671875,7577.4599609375,4580471,0.0,0.0
2026-06-04 12:36:00-04:00,7577.330078125,7579.16015625,7577.14990234375,7578.77978515625,4993664,0.0,0.0
2026-06-04 12:37:00-04:00,7578.83984375,7580.77001953125,7578.7998046875,7580.419921875,4348380,0.0,0.0
2026-06-04 12:38:00-04:00,7580.31982421875,7581.39013671875,7580.31982421875,7581.39013671875,4435013,0.0,0.0
2026-06-04 12:39:00-04:00,7581.3798828125,7582.43994140625,7580.89990234375,7581.919921875,4300716,0.0,0.0
2026-06-04 12:40:00-04:00,7582.10009765625,7582.27001953125,7580.3798828125,7580.5400390625,3860443,0.0,0.0
2026-06-04 12:41:00-04:00,7580.7099609375,7582.64013671875,7580.7099609375,7582.60986328125,4237885,0.0,0.0
2026-06-04 12:42:00-04:00,7582.72021484375,7582.72021484375,7581.419921875,7582.02001953125,3577297,0.0,0.0
2026-06-04 12:43:00-04:00,7582.10986328125,7583.2099609375,7582.10986328125,7583.02001953125,5521522,0.0,0.0
2026-06-04 12:44:00-04:00,7582.83984375,7583.9599609375,7582.4599609375,7582.830078125,3842676,0.0,0.0
2026-06-04 12:45:00-04:00,7583.06005859375,7583.169921875,7581.9501953125,7582.0,4088587,0.0,0.0
2026-06-04 12:46:00-04:00,7581.97021484375,7582.85986328125,7581.27001953125,7581.64013671875,4332159,0.0,0.0
2026-06-04 12:47:00-04:00,7581.58984375,7581.68017578125,7580.85009765625,7581.06005859375,3727189,0.0,0.0
2026-06-04 12:48:00-04:00,7581.1298828125,7581.27978515625,7580.56005859375,7581.27978515625,3908119,0.0,0.0
2026-06-04 12:49:00-04:00,7581.169921875,7582.580078125,7580.41015625,7582.240234375,3955487,0.0,0.0
2026-06-04 12:50:00-04:00,7582.31982421875,7583.0498046875,7581.97021484375,7582.89013671875,6097766,0.0,0.0
2026-06-04 12:51:00-04:00,7582.89013671875,7583.93017578125,7582.89013671875,7582.97998046875,4306432,0.0,0.0
2026-06-04 12:52:00-04:00,7582.93017578125,7583.7998046875,7582.259765625,7583.58984375,4121449,0.0,0.0
2026-06-04 12:53:00-04:00,7583.66015625,7584.68994140625,7583.4599609375,7584.18017578125,4334701,0.0,0.0
2026-06-04 12:54:00-04:00,7584.18017578125,7584.56982421875,7583.58984375,7583.9501953125,3828780,0.0,0.0
2026-06-04 12:55:00-04:00,7583.85986328125,7583.97998046875,7583.2099609375,7583.27978515625,4611342,0.0,0.0
2026-06-04 12:56:00-04:00,7583.25,7584.0,7583.18017578125,7583.64013671875,4361178,0.0,0.0
2026-06-04 12:57:00-04:00,7583.5400390625,7583.8798828125,7583.10009765625,7583.41015625,4220749,0.0,0.0
2026-06-04 12:58:00-04:00,7583.56982421875,7584.2998046875,7582.990234375,7583.52001953125,3889977,0.0,0.0
2026-06-04 12:59:00-04:00,7583.52978515625,7583.7900390625,7582.509765625,7583.18994140625,3421991,0.0,0.0
2026-06-04 13:00:00-04:00,7583.009765625,7583.009765625,7581.18017578125,7581.43017578125,4214004,0.0,0.0
2026-06-04 13:01:00-04:00,7581.35009765625,7584.2900390625,7581.080078125,7584.08984375,4659220,0.0,0.0
2026-06-04 13:02:00-04:00,7584.1201171875,7584.169921875,7582.75,7583.2998046875,4365388,0.0,0.0
2026-06-04 13:03:00-04:00,7583.419921875,7583.68017578125,7581.2900390625,7581.72998046875,4148905,0.0,0.0
2026-06-04 13:04:00-04:00,7581.8798828125,7582.39990234375,7581.669921875,7582.08984375,4111405,0.0,0.0
2026-06-04 13:05:00-04:00,7581.8798828125,7582.3798828125,7581.240234375,7581.240234375,3974735,0.0,0.0
2026-06-04 13:06:00-04:00,7581.10009765625,7582.33984375,7580.8701171875,7582.080078125,4347993,0.0,0.0
2026-06-04 13:07:00-04:00,7582.02978515625,7582.91015625,7582.02978515625,7582.56005859375,4936594,0.0,0.0
2026-06-04 13:08:00-04:00,7582.72021484375,7584.06005859375,7582.72021484375,7583.97021484375,4723383,0.0,0.0
2026-06-04 13:09:00-04:00,7584.0,7584.41015625,7583.68994140625,7584.080078125,3793692,0.0,0.0
2026-06-04 13:10:00-04:00,7584.1298828125,7584.72998046875,7583.89013671875,7584.3798828125,4100740,0.0,0.0
2026-06-04 13:11:00-04:00,7584.43017578125,7585.2001953125,7584.18017578125,7584.830078125,3646423,0.0,0.0
2026-06-04 13:12:00-04:00,7584.75,7585.4501953125,7584.33984375,7584.33984375,3903625,0.0,0.0
2026-06-04 13:13:00-04:00,7584.33984375,7584.77001953125,7582.72998046875,7582.85009765625,4310107,0.0,0.0
2026-06-04 13:14:00-04:00,7582.669921875,7583.60009765625,7582.669921875,7583.60009765625,5078361,0.0,0.0
2026-06-04 13:15:00-04:00,7583.5498046875,7583.85986328125,7583.22021484375,7583.4599609375,3944310,0.0,0.0
2026-06-04 13:16:00-04:00,7583.77978515625,7583.77978515625,7582.509765625,7583.31982421875,5573888,0.0,0.0
2026-06-04 13:17:00-04:00,7583.25,7583.47021484375,7582.169921875,7582.56005859375,4179927,0.0,0.0
2026-06-04 13:18:00-04:00,7582.75,7582.93017578125,7581.39990234375,7582.93017578125,3534669,0.0,0.0
2026-06-04 13:19:00-04:00,7582.77978515625,7584.31982421875,7582.77978515625,7583.759765625,4086088,0.0,0.0
2026-06-04 13:20:00-04:00,7583.740234375,7583.93994140625,7582.41015625,7582.85986328125,4501781,0.0,0.0
2026-06-04 13:21:00-04:00,7583.0498046875,7583.5,7581.14013671875,7581.85009765625,4280975,0.0,0.0
2026-06-04 13:22:00-04:00,7581.77001953125,7582.22021484375,7581.6201171875,7582.009765625,3428299,0.0,0.0
2026-06-04 13:23:00-04:00,7581.759765625,7583.35986328125,7581.52001953125,7583.35986328125,4394259,0.0,0.0
2026-06-04 13:24:00-04:00,7583.18017578125,7583.64990234375,7582.97998046875,7583.02001953125,3923004,0.0,0.0
2026-06-04 13:25:00-04:00,7583.02001953125,7584.18994140625,7582.75,7583.8701171875,6712879,0.0,0.0
2026-06-04 13:26:00-04:00,7584.0400390625,7585.16015625,7583.5400390625,7585.16015625,5204946,0.0,0.0
2026-06-04 13:27:00-04:00,7585.39013671875,7585.52001953125,7584.66015625,7585.1201171875,3916029,0.0,0.0
2026-06-04 13:28:00-04:00,7585.14990234375,7586.5400390625,7585.14990234375,7586.419921875,4242802,0.0,0.0
2026-06-04 13:29:00-04:00,7586.47998046875,7586.68017578125,7585.58984375,7585.830078125,3806178,0.0,0.0
2026-06-04 13:30:00-04:00,7585.68994140625,7587.740234375,7585.10009765625,7587.52978515625,4555505,0.0,0.0
2026-06-04 13:31:00-04:00,7587.58984375,7587.85009765625,7586.9599609375,7587.22998046875,4227267,0.0,0.0
2026-06-04 13:32:00-04:00,7587.2001953125,7589.2900390625,7587.08984375,7589.10986328125,5117759,0.0,0.0
2026-06-04 13:33:00-04:00,7589.18994140625,7589.990234375,7588.4599609375,7588.81005859375,4649484,0.0,0.0
2026-06-04 13:34:00-04:00,7588.72021484375,7588.8701171875,7587.080078125,7587.080078125,3570906,0.0,0.0
2026-06-04 13:35:00-04:00,7587.18017578125,7587.7001953125,7586.35009765625,7587.2001953125,4416179,0.0,0.0
2026-06-04 13:36:00-04:00,7587.31005859375,7587.83984375,7586.89013671875,7587.33984375,3589901,0.0,0.0
2026-06-04 13:37:00-04:00,7587.43994140625,7587.43994140625,7585.97998046875,7586.6201171875,4338857,0.0,0.0
2026-06-04 13:38:00-04:00,7586.6298828125,7587.85986328125,7586.080078125,7587.830078125,4270140,0.0,0.0
2026-06-04 13:39:00-04:00,7587.8798828125,7587.8798828125,7585.97021484375,7585.97021484375,4111224,0.0,0.0
2026-06-04 13:40:00-04:00,7586.06982421875,7587.0400390625,7586.06982421875,7586.669921875,3735727,0.0,0.0
2026-06-04 13:41:00-04:00,7586.75,7587.4599609375,7586.27978515625,7587.4599609375,4175485,0.0,0.0
2026-06-04 13:42:00-04:00,7587.33984375,7587.6298828125,7586.60009765625,7587.56982421875,4044507,0.0,0.0
2026-06-04 13:43:00-04:00,7587.5400390625,7588.72021484375,7587.5400390625,7588.0400390625,3844613,0.0,0.0
2026-06-04 13:44:00-04:00,7587.919921875,7588.10009765625,7586.72021484375,7588.0498046875,3695138,0.0,0.0
2026-06-04 13:45:00-04:00,7588.06005859375,7588.14990234375,7586.7001953125,7586.7900390625,4317691,0.0,0.0
2026-06-04 13:46:00-04:00,7586.669921875,7587.02978515625,7586.419921875,7586.68017578125,3540460,0.0,0.0
2026-06-04 13:47:00-04:00,7586.64990234375,7587.5498046875,7586.169921875,7587.259765625,3417668,0.0,0.0
2026-06-04 13:48:00-04:00,7587.2998046875,7588.990234375,7587.259765625,7588.77001953125,4052650,0.0,0.0
2026-06-04 13:49:00-04:00,7588.9501953125,7589.10986328125,7587.7099609375,7589.10986328125,3408916,0.0,0.0
2026-06-04 13:50:00-04:00,7588.91015625,7589.60986328125,7588.18017578125,7588.18017578125,4200635,0.0,0.0
2026-06-04 13:51:00-04:00,7588.27978515625,7590.0498046875,7588.2099609375,7589.33984375,3643470,0.0,0.0
2026-06-04 13:52:00-04:00,7589.39013671875,7589.72021484375,7588.43017578125,7588.52001953125,3769108,0.0,0.0
2026-06-04 13:53:00-04:00,7588.43017578125,7589.14990234375,7588.240234375,7588.35009765625,3326104,0.0,0.0
2026-06-04 13:54:00-04:00,7588.27978515625,7589.10009765625,7588.2099609375,7588.72021484375,3858537,0.0,0.0
2026-06-04 13:55:00-04:00,7588.7099609375,7590.25,7588.31005859375,7590.25,3976459,0.0,0.0
2026-06-04 13:56:00-04:00,7590.3701171875,7590.7900390625,7590.08984375,7590.58984375,3466203,0.0,0.0
2026-06-04 13:57:00-04:00,7590.72998046875,7591.759765625,7590.2001953125,7591.41015625,3868074,0.0,0.0
2026-06-04 13:58:00-04:00,7591.39013671875,7591.85009765625,7591.39013671875,7591.75,3590357,0.0,0.0
2026-06-04 13:59:00-04:00,7591.91015625,7592.31982421875,7591.64990234375,7592.2099609375,3870014,0.0,0.0
2026-06-04 14:00:00-04:00,7592.2099609375,7593.31005859375,7591.419921875,7592.7099609375,5500162,0.0,0.0
2026-06-04 14:01:00-04:00,7592.39013671875,7592.89990234375,7592.06982421875,7592.1298828125,5581493,0.0,0.0
2026-06-04 14:02:00-04:00,7592.1298828125,7592.56982421875,7591.83984375,7591.83984375,5391205,0.0,0.0
2026-06-04 14:03:00-04:00,7591.83984375,7592.3701171875,7591.31982421875,7592.22021484375,4354835,0.0,0.0
2026-06-04 14:04:00-04:00,7592.419921875,7593.009765625,7592.39013671875,7592.97021484375,4296228,0.0,0.0
2026-06-04 14:05:00-04:00,7592.8701171875,7593.97998046875,7592.81982421875,7593.509765625,5351182,0.0,0.0
2026-06-04 14:06:00-04:00,7593.47021484375,7593.81982421875,7593.02978515625,7593.419921875,4991517,0.0,0.0
2026-06-04 14:07:00-04:00,7593.3798828125,7593.60009765625,7592.81982421875,7592.97021484375,4535867,0.0,0.0
2026-06-04 14:08:00-04:00,7592.97998046875,7593.75,7592.31005859375,7592.35986328125,4871402,0.0,0.0
2026-06-04 14:09:00-04:00,7592.080078125,7592.919921875,7592.080078125,7592.919921875,4240379,0.0,0.0
2026-06-04 14:10:00-04:00,7592.8798828125,7593.27978515625,7592.06982421875,7592.93994140625,4532458,0.0,0.0
2026-06-04 14:11:00-04:00,7592.81005859375,7593.72998046875,7592.490234375,7593.2998046875,4257181,0.0,0.0
2026-06-04 14:12:00-04:00,7593.35009765625,7593.47998046875,7592.43994140625,7592.43994140625,3960121,0.0,0.0
2026-06-04 14:13:00-04:00,7592.43994140625,7592.7998046875,7591.93017578125,7592.39013671875,3996189,0.0,0.0
2026-06-04 14:14:00-04:00,7592.419921875,7592.419921875,7591.240234375,7592.06005859375,4537006,0.0,0.0
2026-06-04 14:15:00-04:00,7591.93017578125,7592.2099609375,7591.009765625,7591.43017578125,4263302,0.0,0.0
2026-06-04 14:16:00-04:00,7591.6298828125,7591.9501953125,7590.740234375,7590.89990234375,4943903,0.0,0.0
2026-06-04 14:17:00-04:00,7590.7900390625,7591.0400390625,7589.9599609375,7590.2900390625,5139594,0.0,0.0
2026-06-04 14:18:00-04:00,7590.3701171875,7593.0,7590.3701171875,7592.75,4431672,0.0,0.0
2026-06-04 14:19:00-04:00,7592.7099609375,7593.60009765625,7592.66015625,7593.14990234375,4052247,0.0,0.0
2026-06-04 14:20:00-04:00,7593.27978515625,7593.7900390625,7592.7001953125,7593.66015625,4551981,0.0,0.0
2026-06-04 14:21:00-04:00,7593.58984375,7594.41015625,7593.47998046875,7593.919921875,4558466,0.0,0.0
2026-06-04 14:22:00-04:00,7593.97021484375,7594.25,7592.60009765625,7592.759765625,3941839,0.0,0.0
2026-06-04 14:23:00-04:00,7592.669921875,7593.31982421875,7592.080078125,7592.4501953125,3862824,0.0,0.0
2026-06-04 14:24:00-04:00,7592.2900390625,7593.81982421875,7592.2900390625,7593.39990234375,3891642,0.0,0.0
2026-06-04 14:25:00-04:00,7593.4501953125,7593.83984375,7592.93994140625,7593.5,4017815,0.0,0.0
2026-06-04 14:26:00-04:00,7593.6298828125,7595.0,7593.3701171875,7595.0,3929152,0.0,0.0
2026-06-04 14:27:00-04:00,7594.8701171875,7594.8798828125,7593.6201171875,7593.77001953125,4116874,0.0,0.0
2026-06-04 14:28:00-04:00,7593.89990234375,7593.9599609375,7592.490234375,7592.56982421875,4923051,0.0,0.0
2026-06-04 14:29:00-04:00,7592.7001953125,7594.080078125,7592.68994140625,7593.56982421875,3449200,0.0,0.0
2026-06-04 14:30:00-04:00,7593.5,7594.1201171875,7592.89990234375,7592.89990234375,3908423,0.0,0.0
2026-06-04 14:31:00-04:00,7592.5400390625,7592.5400390625,7591.06005859375,7591.14013671875,4674102,0.0,0.0
2026-06-04 14:32:00-04:00,7590.97021484375,7592.64013671875,7590.97021484375,7592.4599609375,4253330,0.0,0.0
2026-06-04 14:33:00-04:00,7592.52001953125,7592.75,7592.14013671875,7592.31005859375,4107467,0.0,0.0
2026-06-04 14:34:00-04:00,7592.41015625,7593.56982421875,7591.7001953125,7593.52001953125,4249505,0.0,0.0
2026-06-04 14:35:00-04:00,7593.58984375,7593.68994140625,7592.43994140625,7592.60009765625,3818860,0.0,0.0
2026-06-04 14:36:00-04:00,7592.68017578125,7594.31982421875,7592.4501953125,7594.31982421875,5036500,0.0,0.0
2026-06-04 14:37:00-04:00,7594.3798828125,7594.509765625,7593.8798828125,7593.89990234375,3510431,0.0,0.0
2026-06-04 14:38:00-04:00,7593.83984375,7594.2099609375,7592.7998046875,7592.89013671875,4552085,0.0,0.0
2026-06-04 14:39:00-04:00,7592.72998046875,7593.64013671875,7592.31005859375,7592.93017578125,4853133,0.0,0.0
2026-06-04 14:40:00-04:00,7593.009765625,7593.009765625,7591.64990234375,7591.759765625,3996135,0.0,0.0
2026-06-04 14:41:00-04:00,7591.68994140625,7592.77978515625,7591.58984375,7592.75,4215675,0.0,0.0
2026-06-04 14:42:00-04:00,7592.7998046875,7593.0400390625,7591.89990234375,7592.81982421875,4000786,0.0,0.0
2026-06-04 14:43:00-04:00,7592.830078125,7593.669921875,7592.759765625,7593.47021484375,4649565,0.0,0.0
2026-06-04 14:44:00-04:00,7593.60009765625,7593.72021484375,7592.740234375,7593.0400390625,5163749,0.0,0.0
2026-06-04 14:45:00-04:00,7593.06005859375,7593.06005859375,7591.89990234375,7592.1298828125,4149727,0.0,0.0
2026-06-04 14:46:00-04:00,7592.14990234375,7593.7998046875,7591.919921875,7593.77978515625,4699943,0.0,0.0
2026-06-04 14:47:00-04:00,7593.81982421875,7594.81005859375,7593.14990234375,7594.2099609375,4304743,0.0,0.0
2026-06-04 14:48:00-04:00,7594.08984375,7594.5498046875,7593.41015625,7594.2001953125,4268458,0.0,0.0
2026-06-04 14:49:00-04:00,7594.2900390625,7594.2900390625,7593.3701171875,7593.93994140625,4105938,0.0,0.0
2026-06-04 14:50:00-04:00,7593.97021484375,7594.2998046875,7593.31005859375,7593.39990234375,4657164,0.0,0.0
2026-06-04 14:51:00-04:00,7593.52978515625,7594.56982421875,7593.27978515625,7594.490234375,4040527,0.0,0.0
2026-06-04 14:52:00-04:00,7594.43017578125,7594.47021484375,7593.89990234375,7593.89990234375,4101043,0.0,0.0
2026-06-04 14:53:00-04:00,7593.97021484375,7594.27001953125,7593.97021484375,7594.169921875,3125169,0.0,0.0
2026-06-04 14:54:00-04:00,7594.22998046875,7594.22998046875,7593.0498046875,7593.06982421875,4462019,0.0,0.0
2026-06-04 14:55:00-04:00,7593.080078125,7593.47998046875,7591.89013671875,7592.08984375,4483508,0.0,0.0
2026-06-04 14:56:00-04:00,7591.97021484375,7593.009765625,7591.97021484375,7592.2998046875,4656604,0.0,0.0
2026-06-04 14:57:00-04:00,7592.31982421875,7592.31982421875,7590.60009765625,7590.7099609375,4484373,0.0,0.0
2026-06-04 14:58:00-04:00,7590.64013671875,7591.740234375,7589.97021484375,7591.18017578125,5256557,0.0,0.0
2026-06-04 14:59:00-04:00,7591.080078125,7591.14990234375,7590.02001953125,7591.10986328125,5133968,0.0,0.0
2026-06-04 15:00:00-04:00,7591.0400390625,7592.7099609375,7590.919921875,7592.7099609375,5438510,0.0,0.0
2026-06-04 15:01:00-04:00,7593.0400390625,7593.31982421875,7592.33984375,7592.490234375,5063915,0.0,0.0
2026-06-04 15:02:00-04:00,7592.39990234375,7593.7001953125,7592.39990234375,7593.18017578125,5235182,0.0,0.0
2026-06-04 15:03:00-04:00,7593.33984375,7593.8798828125,7593.16015625,7593.580078125,5212646,0.0,0.0
2026-06-04 15:04:00-04:00,7593.6201171875,7594.35009765625,7593.60986328125,7594.06005859375,5097831,0.0,0.0
2026-06-04 15:05:00-04:00,7594.2099609375,7595.18017578125,7594.080078125,7595.18017578125,4910509,0.0,0.0
2026-06-04 15:06:00-04:00,7595.10009765625,7595.91015625,7594.759765625,7595.85986328125,4650870,0.0,0.0
2026-06-04 15:07:00-04:00,7595.93017578125,7596.2099609375,7595.25,7595.31005859375,4950961,0.0,0.0
2026-06-04 15:08:00-04:00,7595.31982421875,7596.0498046875,7594.740234375,7595.080078125,5134381,0.0,0.0
2026-06-04 15:09:00-04:00,7595.22021484375,7595.22998046875,7594.259765625,7594.35009765625,5338815,0.0,0.0
2026-06-04 15:10:00-04:00,7594.35009765625,7594.64013671875,7593.06982421875,7593.06982421875,4751569,0.0,0.0
2026-06-04 15:11:00-04:00,7592.97998046875,7593.7998046875,7592.64990234375,7593.0,5210802,0.0,0.0
2026-06-04 15:12:00-04:00,7593.0400390625,7593.31005859375,7592.10986328125,7592.10986328125,5121870,0.0,0.0
2026-06-04 15:13:00-04:00,7592.16015625,7592.490234375,7591.56005859375,7591.759765625,4839714,0.0,0.0
2026-06-04 15:14:00-04:00,7591.75,7593.02001953125,7591.52001953125,7592.47998046875,5047249,0.0,0.0
2026-06-04 15:15:00-04:00,7592.52001953125,7592.7099609375,7591.52001953125,7592.0,5759362,0.0,0.0
2026-06-04 15:16:00-04:00,7591.93994140625,7592.02978515625,7591.39013671875,7591.85009765625,5056078,0.0,0.0
2026-06-04 15:17:00-04:00,7591.85009765625,7592.68994140625,7591.330078125,7591.330078125,5400153,0.0,0.0
2026-06-04 15:18:00-04:00,7591.3701171875,7592.02978515625,7590.7001953125,7592.02978515625,5334093,0.0,0.0
2026-06-04 15:19:00-04:00,7591.740234375,7592.509765625,7591.240234375,7591.5498046875,5981865,0.0,0.0
2026-06-04 15:20:00-04:00,7591.68017578125,7592.85009765625,7591.66015625,7592.85009765625,5744250,0.0,0.0
2026-06-04 15:21:00-04:00,7592.64990234375,7592.64990234375,7591.31982421875,7591.490234375,5327607,0.0,0.0
2026-06-04 15:22:00-04:00,7591.5,7594.669921875,7591.43994140625,7594.490234375,7027103,0.0,0.0
2026-06-04 15:23:00-04:00,7594.43994140625,7595.47998046875,7594.33984375,7594.580078125,5609259,0.0,0.0
2026-06-04 15:24:00-04:00,7594.740234375,7595.0498046875,7594.10986328125,7594.64990234375,5818549,0.0,0.0
2026-06-04 15:25:00-04:00,7594.81982421875,7595.33984375,7594.3798828125,7594.64013671875,5646393,0.0,0.0
2026-06-04 15:26:00-04:00,7594.77978515625,7595.52001953125,7594.77978515625,7595.02978515625,5199122,0.0,0.0
2026-06-04 15:27:00-04:00,7595.14990234375,7595.39013671875,7594.7099609375,7595.14013671875,5901384,0.0,0.0
2026-06-04 15:28:00-04:00,7595.27978515625,7596.41015625,7594.97998046875,7596.31982421875,5818051,0.0,0.0
2026-06-04 15:29:00-04:00,7596.330078125,7597.91015625,7596.330078125,7597.77978515625,6614333,0.0,0.0
2026-06-04 15:30:00-04:00,7597.89990234375,7597.89990234375,7596.43994140625,7597.740234375,8819877,0.0,0.0
2026-06-04 15:31:00-04:00,7597.77001953125,7597.77001953125,7596.85986328125,7596.9599609375,6910279,0.0,0.0
2026-06-04 15:32:00-04:00,7596.9599609375,7597.89013671875,7596.9599609375,7597.68017578125,6410947,0.0,0.0
2026-06-04 15:33:00-04:00,7597.68994140625,7598.18994140625,7597.330078125,7597.60009765625,6329882,0.0,0.0
2026-06-04 15:34:00-04:00,7597.64013671875,7597.64013671875,7595.85009765625,7596.330078125,8197522,0.0,0.0
2026-06-04 15:35:00-04:00,7596.52001953125,7597.14013671875,7595.93017578125,7596.8701171875,6891568,0.0,0.0
2026-06-04 15:36:00-04:00,7596.77978515625,7597.3701171875,7596.31982421875,7596.740234375,7084864,0.0,0.0
2026-06-04 15:37:00-04:00,7596.669921875,7596.669921875,7595.39990234375,7595.72021484375,6981726,0.0,0.0
2026-06-04 15:38:00-04:00,7595.64013671875,7596.1201171875,7595.4599609375,7595.68994140625,6738971,0.0,0.0
2026-06-04 15:39:00-04:00,7595.7001953125,7596.7001953125,7595.27978515625,7596.64013671875,6984925,0.0,0.0
2026-06-04 15:40:00-04:00,7596.5498046875,7596.77001953125,7593.9501953125,7593.9501953125,8380713,0.0,0.0
2026-06-04 15:41:00-04:00,7593.89013671875,7594.6298828125,7593.77978515625,7594.41015625,7253431,0.0,0.0
2026-06-04 15:42:00-04:00,7594.39990234375,7594.8798828125,7593.22021484375,7593.33984375,7130608,0.0,0.0
2026-06-04 15:43:00-04:00,7593.240234375,7593.72021484375,7592.7998046875,7593.0498046875,7426953,0.0,0.0
2026-06-04 15:44:00-04:00,7593.4501953125,7593.490234375,7592.3701171875,7592.3701171875,8384677,0.0,0.0
2026-06-04 15:45:00-04:00,7592.3701171875,7593.14013671875,7591.60986328125,7591.72998046875,10865847,0.0,0.0
2026-06-04 15:46:00-04:00,7591.7099609375,7592.35009765625,7591.02978515625,7591.68017578125,9266979,0.0,0.0
2026-06-04 15:47:00-04:00,7591.72998046875,7592.08984375,7591.0498046875,7591.2998046875,10089479,0.0,0.0
2026-06-04 15:48:00-04:00,7591.31005859375,7592.2099609375,7591.31005859375,7591.7099609375,9458176,0.0,0.0
2026-06-04 15:49:00-04:00,7591.7900390625,7593.7001953125,7591.47021484375,7593.27978515625,10670622,0.0,0.0
2026-06-04 15:50:00-04:00,7592.7900390625,7593.7001953125,7590.1298828125,7590.2900390625,17168897,0.0,0.0
2026-06-04 15:51:00-04:00,7590.39013671875,7591.06982421875,7588.89013671875,7590.10986328125,13909041,0.0,0.0
2026-06-04 15:52:00-04:00,7590.27001953125,7591.0400390625,7589.16015625,7589.97998046875,12675266,0.0,0.0
2026-06-04 15:53:00-04:00,7590.22998046875,7591.89013671875,7590.22998046875,7590.58984375,15886866,0.0,0.0
2026-06-04 15:54:00-04:00,7590.77001953125,7591.41015625,7589.8701171875,7590.22021484375,16173866,0.0,0.0
2026-06-04 15:55:00-04:00,7590.02001953125,7590.02001953125,7585.43994140625,7585.47998046875,19303888,0.0,0.0
2026-06-04 15:56:00-04:00,7585.43017578125,7586.0400390625,7584.830078125,7585.14013671875,19059103,0.0,0.0
2026-06-04 15:57:00-04:00,7585.2998046875,7587.2900390625,7584.41015625,7587.02978515625,18895271,0.0,0.0
2026-06-04 15:58:00-04:00,7586.89990234375,7588.93994140625,7586.47998046875,7588.93994140625,19181639,0.0,0.0
2026-06-04 15:59:00-04:00,7588.52978515625,7588.52978515625,7584.81982421875,7584.81982421875,18806377,0.0,0.0
2026-06-05 09:30:00-04:00,7537.35986328125,7537.56982421875,7528.7099609375,7532.669921875,32208515,0.0,0.0
2026-06-05 09:31:00-04:00,7533.27978515625,7540.47998046875,7531.7900390625,7539.7998046875,17370411,0.0,0.0
2026-06-05 09:32:00-04:00,7540.1298828125,7540.509765625,7537.41015625,7539.6298828125,18060067,0.0,0.0
2026-06-05 09:33:00-04:00,7539.259765625,7541.81005859375,7538.6298828125,7539.259765625,16501430,0.0,0.0
2026-06-05 09:34:00-04:00,7539.2998046875,7541.18017578125,7535.72998046875,7539.56982421875,10046505,0.0,0.0
2026-06-05 09:35:00-04:00,7539.7998046875,7539.7998046875,7534.91015625,7535.72021484375,11196093,0.0,0.0
2026-06-05 09:36:00-04:00,7535.89013671875,7535.89013671875,7532.39990234375,7532.39990234375,10092787,0.0,0.0
2026-06-05 09:37:00-04:00,7533.10986328125,7533.10986328125,7530.14990234375,7530.93017578125,9704145,0.0,0.0
2026-06-05 09:38:00-04:00,7530.8701171875,7531.02001953125,7528.27001953125,7529.080078125,9739694,0.0,0.0
2026-06-05 09:39:00-04:00,7528.43994140625,7530.18017578125,7526.1298828125,7529.8701171875,9544028,0.0,0.0
2026-06-05 09:40:00-04:00,7529.919921875,7529.919921875,7526.5498046875,7528.81982421875,10235943,0.0,0.0
2026-06-05 09:41:00-04:00,7529.3798828125,7529.3798828125,7522.5400390625,7522.68994140625,10268040,0.0,0.0
2026-06-05 09:42:00-04:00,7522.740234375,7523.919921875,7519.52978515625,7521.10009765625,10781401,0.0,0.0
2026-06-05 09:43:00-04:00,7521.0498046875,7523.22998046875,7517.759765625,7519.240234375,9844499,0.0,0.0
2026-06-05 09:44:00-04:00,7519.2998046875,7519.7998046875,7515.22021484375,7515.41015625,9343740,0.0,0.0
2026-06-05 09:45:00-04:00,7515.3798828125,7518.2099609375,7513.81982421875,7513.990234375,11316322,0.0,0.0
2026-06-05 09:46:00-04:00,7513.72998046875,7514.419921875,7511.41015625,7514.35009765625,8315264,0.0,0.0
2026-06-05 09:47:00-04:00,7513.77001953125,7514.759765625,7510.5400390625,7510.9599609375,9026530,0.0,0.0
2026-06-05 09:48:00-04:00,7511.16015625,7512.47998046875,7509.64013671875,7511.33984375,8793183,0.0,0.0
2026-06-05 09:49:00-04:00,7511.2900390625,7511.919921875,7505.85009765625,7506.419921875,12277571,0.0,0.0
2026-06-05 09:50:00-04:00,7506.85009765625,7510.759765625,7506.10986328125,7509.64013671875,12887441,0.0,0.0
2026-06-05 09:51:00-04:00,7509.419921875,7512.27001953125,7508.3701171875,7511.91015625,9081502,0.0,0.0
2026-06-05 09:52:00-04:00,7511.91015625,7513.81005859375,7508.43017578125,7510.2900390625,9946513,0.0,0.0
2026-06-05 09:53:00-04:00,7510.5400390625,7513.68017578125,7509.7001953125,7511.77001953125,8764966,0.0,0.0
2026-06-05 09:54:00-04:00,7511.97021484375,7513.68994140625,7510.330078125,7512.2998046875,8658555,0.0,0.0
2026-06-05 09:55:00-04:00,7512.31005859375,7513.66015625,7510.5,7510.6298828125,8121984,0.0,0.0
2026-06-05 09:56:00-04:00,7511.1201171875,7512.1201171875,7506.64990234375,7507.68017578125,9044368,0.0,0.0
2026-06-05 09:57:00-04:00,7507.47021484375,7508.83984375,7506.33984375,7506.81005859375,7200216,0.0,0.0
2026-06-05 09:58:00-04:00,7506.89013671875,7506.89013671875,7501.7099609375,7501.7099609375,9447672,0.0,0.0
2026-06-05 09:59:00-04:00,7501.33984375,7503.31005859375,7498.81982421875,7498.81982421875,10792841,0.0,0.0
2026-06-05 10:00:00-04:00,7499.89013671875,7502.64990234375,7497.7099609375,7498.580078125,10927441,0.0,0.0
2026-06-05 10:01:00-04:00,7499.1298828125,7499.14013671875,7494.77978515625,7497.3701171875,9574509,0.0,0.0
2026-06-05 10:02:00-04:00,7497.97021484375,7508.97998046875,7497.56005859375,7507.2998046875,11504210,0.0,0.0
2026-06-05 10:03:00-04:00,7506.9501953125,7508.02001953125,7504.72998046875,7505.41015625,8473431,0.0,0.0
2026-06-05 10:04:00-04:00,7506.35009765625,7506.35986328125,7501.14990234375,7501.81982421875,8315343,0.0,0.0
2026-06-05 10:05:00-04:00,7502.2001953125,7506.14013671875,7502.2001953125,7505.1298828125,8433345,0.0,0.0
2026-06-05 10:06:00-04:00,7505.39990234375,7505.39990234375,7499.0400390625,7499.7900390625,8137166,0.0,0.0
2026-06-05 10:07:00-04:00,7499.6298828125,7505.259765625,7499.18994140625,7504.009765625,7161780,0.0,0.0
2026-06-05 10:08:00-04:00,7504.3798828125,7507.77001953125,7503.47998046875,7507.16015625,7236000,0.0,0.0
2026-06-05 10:09:00-04:00,7507.490234375,7511.83984375,7506.08984375,7511.419921875,7171926,0.0,0.0
2026-06-05 10:10:00-04:00,7511.2099609375,7515.169921875,7511.2099609375,7513.60986328125,7702114,0.0,0.0
2026-06-05 10:11:00-04:00,7513.58984375,7514.27978515625,7506.43017578125,7508.75,8454427,0.0,0.0
2026-06-05 10:12:00-04:00,7509.509765625,7510.0400390625,7506.27978515625,7508.3798828125,7916082,0.0,0.0
2026-06-05 10:13:00-04:00,7508.31005859375,7513.7998046875,7508.2998046875,7512.7001953125,7260881,0.0,0.0
2026-06-05 10:14:00-04:00,7512.08984375,7513.91015625,7511.72021484375,7513.81005859375,7112263,0.0,0.0
2026-06-05 10:15:00-04:00,7513.85986328125,7518.47021484375,7513.85986328125,7518.47021484375,7006113,0.0,0.0
2026-06-05 10:16:00-04:00,7518.2001953125,7519.669921875,7517.2001953125,7518.64013671875,7030888,0.0,0.0
2026-06-05 10:17:00-04:00,7518.89990234375,7520.22021484375,7516.9501953125,7520.22021484375,6904977,0.0,0.0
2026-06-05 10:18:00-04:00,7520.39013671875,7521.490234375,7519.16015625,7520.240234375,7041040,0.0,0.0
2026-06-05 10:19:00-04:00,7520.60009765625,7522.93017578125,7520.60009765625,7522.93017578125,6555300,0.0,0.0
2026-06-05 10:20:00-04:00,7522.81982421875,7522.81982421875,7518.1298828125,7520.27978515625,7537849,0.0,0.0
2026-06-05 10:21:00-04:00,7520.02001953125,7520.72021484375,7516.830078125,7517.43017578125,7097512,0.0,0.0
2026-06-05 10:22:00-04:00,7517.2099609375,7518.08984375,7510.83984375,7510.83984375,7804478,0.0,0.0
2026-06-05 10:23:00-04:00,7510.56982421875,7514.14013671875,7510.56982421875,7513.1298828125,6177685,0.0,0.0
2026-06-05 10:24:00-04:00,7512.990234375,7513.25,7510.35009765625,7510.85009765625,6256908,0.0,0.0
2026-06-05 10:25:00-04:00,7510.7998046875,7510.7998046875,7505.5400390625,7505.5400390625,7314860,0.0,0.0
2026-06-05 10:26:00-04:00,7505.43994140625,7508.02001953125,7503.1298828125,7503.490234375,7608312,0.0,0.0
2026-06-05 10:27:00-04:00,7503.669921875,7505.35986328125,7502.9599609375,7503.830078125,6916448,0.0,0.0
2026-06-05 10:28:00-04:00,7503.7900390625,7504.27978515625,7502.77001953125,7503.9599609375,5823265,0.0,0.0
2026-06-05 10:29:00-04:00,7503.68017578125,7505.18017578125,7502.16015625,7505.18017578125,7595678,0.0,0.0
2026-06-05 10:30:00-04:00,7505.31982421875,7509.89990234375,7504.33984375,7509.72021484375,7691579,0.0,0.0
2026-06-05 10:31:00-04:00,7509.580078125,7510.7998046875,7507.7001953125,7510.7998046875,7322913,0.0,0.0
2026-06-05 10:32:00-04:00,7511.169921875,7512.47021484375,7510.56982421875,7510.75,5706356,0.0,0.0
2026-06-05 10:33:00-04:00,7510.16015625,7514.2900390625,7510.10986328125,7513.35009765625,6321116,0.0,0.0
2026-06-05 10:34:00-04:00,7513.06982421875,7517.56982421875,7513.0498046875,7517.27978515625,6135651,0.0,0.0
2026-06-05 10:35:00-04:00,7517.16015625,7519.0498046875,7515.41015625,7518.5400390625,5931462,0.0,0.0
2026-06-05 10:36:00-04:00,7518.68994140625,7519.08984375,7517.02001953125,7519.0,7085004,0.0,0.0
2026-06-05 10:37:00-04:00,7518.89013671875,7520.240234375,7516.60009765625,7520.1298828125,5970915,0.0,0.0
2026-06-05 10:38:00-04:00,7520.39013671875,7520.39013671875,7514.2001953125,7515.08984375,5708353,0.0,0.0
2026-06-05 10:39:00-04:00,7515.27001953125,7517.22998046875,7514.27978515625,7514.7900390625,5631139,0.0,0.0
2026-06-05 10:40:00-04:00,7514.759765625,7515.77001953125,7512.919921875,7513.35986328125,6432830,0.0,0.0
2026-06-05 10:41:00-04:00,7513.31982421875,7513.81005859375,7511.509765625,7512.4599609375,5387263,0.0,0.0
2026-06-05 10:42:00-04:00,7512.39990234375,7512.64013671875,7506.89013671875,7510.81982421875,5942185,0.0,0.0
2026-06-05 10:43:00-04:00,7510.7001953125,7510.75,7508.10986328125,7508.16015625,4466409,0.0,0.0
2026-06-05 10:44:00-04:00,7508.08984375,7508.58984375,7506.08984375,7508.58984375,5581742,0.0,0.0
2026-06-05 10:45:00-04:00,7508.6298828125,7511.41015625,7508.6298828125,7510.3798828125,6487603,0.0,0.0
2026-06-05 10:46:00-04:00,7509.9501953125,7510.419921875,7506.22021484375,7506.83984375,5103224,0.0,0.0
2026-06-05 10:47:00-04:00,7506.64013671875,7507.14013671875,7504.7001953125,7504.91015625,6758498,0.0,0.0
2026-06-05 10:48:00-04:00,7505.0400390625,7508.56982421875,7505.0400390625,7505.490234375,5590711,0.0,0.0
2026-06-05 10:49:00-04:00,7505.06005859375,7507.14013671875,7504.77001953125,7506.93994140625,5205950,0.0,0.0
2026-06-05 10:50:00-04:00,7507.10986328125,7510.16015625,7505.2998046875,7509.77001953125,5474343,0.0,0.0
2026-06-05 10:51:00-04:00,7509.72021484375,7511.1298828125,7508.39990234375,7510.6201171875,5577131,0.0,0.0
2026-06-05 10:52:00-04:00,7510.580078125,7510.85986328125,7506.740234375,7508.1201171875,4828875,0.0,0.0
2026-06-05 10:53:00-04:00,7508.41015625,7509.16015625,7507.14013671875,7507.81005859375,4742774,0.0,0.0
2026-06-05 10:54:00-04:00,7507.919921875,7509.39013671875,7507.580078125,7509.22998046875,4411011,0.0,0.0
2026-06-05 10:55:00-04:00,7509.25,7509.72021484375,7508.27978515625,7508.33984375,4403677,0.0,0.0
2026-06-05 10:56:00-04:00,7508.43017578125,7512.740234375,7507.990234375,7510.27978515625,5319718,0.0,0.0
2026-06-05 10:57:00-04:00,7510.43017578125,7514.14990234375,7509.56982421875,7512.75,5274534,0.0,0.0
2026-06-05 10:58:00-04:00,7512.81005859375,7513.56005859375,7511.330078125,7512.580078125,4962786,0.0,0.0
2026-06-05 10:59:00-04:00,7512.5400390625,7513.35986328125,7510.81982421875,7512.14990234375,5109492,0.0,0.0
2026-06-05 11:00:00-04:00,7512.02001953125,7514.830078125,7511.509765625,7511.56005859375,5329711,0.0,0.0
2026-06-05 11:01:00-04:00,7511.259765625,7511.259765625,7507.77001953125,7507.9599609375,5978241,0.0,0.0
2026-06-05 11:02:00-04:00,7507.97021484375,7508.0498046875,7504.72021484375,7505.580078125,5364713,0.0,0.0
2026-06-05 11:03:00-04:00,7505.7099609375,7507.41015625,7505.669921875,7506.7998046875,5767469,0.0,0.0
2026-06-05 11:04:00-04:00,7506.509765625,7509.43994140625,7506.509765625,7508.4501953125,5263834,0.0,0.0
2026-06-05 11:05:00-04:00,7508.5498046875,7509.10986328125,7504.41015625,7504.41015625,5395211,0.0,0.0
2026-06-05 11:06:00-04:00,7504.31982421875,7504.72021484375,7501.4599609375,7501.52001953125,7807331,0.0,0.0
2026-06-05 11:07:00-04:00,7501.669921875,7503.10009765625,7500.97998046875,7502.1201171875,5796797,0.0,0.0
2026-06-05 11:08:00-04:00,7502.10986328125,7504.35009765625,7501.56005859375,7502.169921875,4880502,0.0,0.0
2026-06-05 11:09:00-04:00,7502.25,7504.25,7501.56005859375,7503.14990234375,5547044,0.0,0.0
2026-06-05 11:10:00-04:00,7502.93994140625,7505.06005859375,7502.02001953125,7502.5400390625,5569908,0.0,0.0
2026-06-05 11:11:00-04:00,7502.6201171875,7503.27978515625,7500.7001953125,7500.7001953125,5345697,0.0,0.0
2026-06-05 11:12:00-04:00,7500.8798828125,7501.6201171875,7498.759765625,7499.35986328125,5235091,0.0,0.0
2026-06-05 11:13:00-04:00,7499.490234375,7500.75,7497.41015625,7498.2099609375,5239226,0.0,0.0
2026-06-05 11:14:00-04:00,7498.3798828125,7500.08984375,7496.35009765625,7496.47021484375,6451663,0.0,0.0
2026-06-05 11:15:00-04:00,7496.080078125,7497.169921875,7495.2001953125,7495.52978515625,5016489,0.0,0.0
2026-06-05 11:16:00-04:00,7495.2998046875,7498.72998046875,7495.0,7497.52001953125,6626712,0.0,0.0
2026-06-05 11:17:00-04:00,7497.490234375,7498.4501953125,7494.7099609375,7498.4501953125,6326535,0.0,0.0
2026-06-05 11:18:00-04:00,7498.52001953125,7499.009765625,7497.85986328125,7498.43994140625,4144763,0.0,0.0
2026-06-05 11:19:00-04:00,7498.72021484375,7499.830078125,7498.5400390625,7498.58984375,4836034,0.0,0.0
2026-06-05 11:20:00-04:00,7499.02001953125,7500.3701171875,7494.7998046875,7495.080078125,6616614,0.0,0.0
2026-06-05 11:21:00-04:00,7494.8701171875,7495.93017578125,7493.77978515625,7495.47021484375,5434983,0.0,0.0
2026-06-05 11:22:00-04:00,7495.27978515625,7495.27978515625,7490.27001953125,7490.27001953125,6331677,0.0,0.0
2026-06-05 11:23:00-04:00,7490.490234375,7496.1298828125,7488.7900390625,7492.89990234375,8482035,0.0,0.0
2026-06-05 11:24:00-04:00,7492.91015625,7492.91015625,7490.2998046875,7491.35009765625,5277210,0.0,0.0
2026-06-05 11:25:00-04:00,7491.43994140625,7493.5498046875,7491.14990234375,7493.14013671875,6565792,0.0,0.0
2026-06-05 11:26:00-04:00,7493.22021484375,7494.580078125,7492.06982421875,7492.72998046875,5020572,0.0,0.0
2026-06-05 11:27:00-04:00,7492.77001953125,7496.06005859375,7492.77001953125,7494.1298828125,5558389,0.0,0.0
2026-06-05 11:28:00-04:00,7493.990234375,7494.43994140625,7492.419921875,7493.31982421875,4486100,0.0,0.0
2026-06-05 11:29:00-04:00,7493.52001953125,7496.14013671875,7493.52001953125,7494.93017578125,8724563,0.0,0.0
2026-06-05 11:30:00-04:00,7494.83984375,7497.080078125,7493.419921875,7496.5,6692939,0.0,0.0
2026-06-05 11:31:00-04:00,7496.27001953125,7497.35986328125,7493.509765625,7494.6201171875,5722403,0.0,0.0
2026-06-05 11:32:00-04:00,7495.06982421875,7495.06982421875,7491.9501953125,7492.18994140625,4848627,0.0,0.0
2026-06-05 11:33:00-04:00,7491.9501953125,7493.009765625,7489.85009765625,7489.85009765625,5607187,0.0,0.0
2026-06-05 11:34:00-04:00,7489.669921875,7490.5,7489.5,7489.5498046875,5275430,0.0,0.0
2026-06-05 11:35:00-04:00,7489.4501953125,7491.52001953125,7488.240234375,7490.77978515625,6154669,0.0,0.0
2026-06-05 11:36:00-04:00,7490.89013671875,7491.509765625,7486.52978515625,7486.9501953125,6494340,0.0,0.0
2026-06-05 11:37:00-04:00,7486.7998046875,7487.16015625,7484.60009765625,7484.60009765625,5503323,0.0,0.0
2026-06-05 11:38:00-04:00,7484.2099609375,7484.830078125,7480.41015625,7480.77978515625,6555422,0.0,0.0
2026-06-05 11:39:00-04:00,7480.97021484375,7482.31005859375,7480.2001953125,7481.1298828125,5978803,0.0,0.0
2026-06-05 11:40:00-04:00,7480.8701171875,7480.8701171875,7478.1298828125,7479.77001953125,5577930,0.0,0.0
2026-06-05 11:41:00-04:00,7479.75,7479.75,7476.60986328125,7477.5,6716752,0.0,0.0
2026-06-05 11:42:00-04:00,7477.22021484375,7482.919921875,7477.22021484375,7482.5498046875,6673737,0.0,0.0
2026-06-05 11:43:00-04:00,7482.490234375,7483.25,7481.2900390625,7482.60986328125,5683375,0.0,0.0
2026-06-05 11:44:00-04:00,7482.5400390625,7482.5400390625,7477.5498046875,7477.97998046875,5850043,0.0,0.0
2026-06-05 11:45:00-04:00,7478.2998046875,7479.97021484375,7477.0400390625,7478.97998046875,5488967,0.0,0.0
2026-06-05 11:46:00-04:00,7478.97021484375,7480.35009765625,7478.47998046875,7479.509765625,4435178,0.0,0.0
2026-06-05 11:47:00-04:00,7479.64013671875,7482.22998046875,7478.7998046875,7479.080078125,5181190,0.0,0.0
2026-06-05 11:48:00-04:00,7478.919921875,7479.1298828125,7476.2001953125,7476.56982421875,4380112,0.0,0.0
2026-06-05 11:49:00-04:00,7476.5,7477.22998046875,7475.080078125,7476.31982421875,4588132,0.0,0.0
2026-06-05 11:50:00-04:00,7476.27978515625,7478.93994140625,7475.91015625,7477.3701171875,5665191,0.0,0.0
2026-06-05 11:51:00-04:00,7477.56982421875,7478.75,7477.16015625,7478.0498046875,4848422,0.0,0.0
2026-06-05 11:52:00-04:00,7478.14013671875,7478.6201171875,7476.18017578125,7478.3701171875,5867039,0.0,0.0
2026-06-05 11:53:00-04:00,7478.31982421875,7480.509765625,7477.8701171875,7479.740234375,4906693,0.0,0.0
2026-06-05 11:54:00-04:00,7479.83984375,7481.2998046875,7478.490234375,7480.02978515625,4739366,0.0,0.0
2026-06-05 11:55:00-04:00,7480.27001953125,7480.759765625,7477.93994140625,7479.60009765625,5084662,0.0,0.0
2026-06-05 11:56:00-04:00,7479.4599609375,7481.1298828125,7477.89013671875,7480.31005859375,4953206,0.0,0.0
2026-06-05 11:57:00-04:00,7480.02001953125,7481.39013671875,7479.06982421875,7481.39013671875,5280728,0.0,0.0
2026-06-05 11:58:00-04:00,7481.39013671875,7481.56982421875,7478.97021484375,7478.97021484375,4332619,0.0,0.0
2026-06-05 11:59:00-04:00,7478.9599609375,7479.56982421875,7477.02978515625,7478.47998046875,4766312,0.0,0.0
2026-06-05 12:00:00-04:00,7478.169921875,7478.18017578125,7474.52001953125,7474.52001953125,6559260,0.0,0.0
2026-06-05 12:01:00-04:00,7474.27001953125,7475.830078125,7473.93994140625,7474.91015625,4534002,0.0,0.0
2026-06-05 12:02:00-04:00,7474.43994140625,7475.419921875,7473.509765625,7473.68017578125,4287120,0.0,0.0
2026-06-05 12:03:00-04:00,7473.81005859375,7476.97021484375,7473.58984375,7473.990234375,4435013,0.0,0.0
2026-06-05 12:04:00-04:00,7474.10986328125,7474.169921875,7472.8798828125,7473.31982421875,4271724,0.0,0.0
2026-06-05 12:05:00-04:00,7473.31005859375,7473.31982421875,7468.2099609375,7468.35009765625,5902426,0.0,0.0
2026-06-05 12:06:00-04:00,7468.31005859375,7469.02001953125,7467.1298828125,7467.31982421875,5193739,0.0,0.0
2026-06-05 12:07:00-04:00,7467.2998046875,7469.18017578125,7465.7001953125,7466.64013671875,4958236,0.0,0.0
2026-06-05 12:08:00-04:00,7466.669921875,7466.669921875,7463.5498046875,7463.85009765625,4713099,0.0,0.0
2026-06-05 12:09:00-04:00,7463.77978515625,7466.4599609375,7463.2099609375,7464.60986328125,5356083,0.0,0.0
2026-06-05 12:10:00-04:00,7464.5400390625,7466.77001953125,7463.14990234375,7464.85986328125,5408251,0.0,0.0
2026-06-05 12:11:00-04:00,7464.240234375,7468.81005859375,7463.8701171875,7468.56982421875,5748698,0.0,0.0
2026-06-05 12:12:00-04:00,7468.81005859375,7468.89990234375,7466.47998046875,7467.68994140625,5183533,0.0,0.0
2026-06-05 12:13:00-04:00,7467.89013671875,7470.759765625,7467.77978515625,7470.759765625,4819414,0.0,0.0
2026-06-05 12:14:00-04:00,7470.7900390625,7471.169921875,7467.47021484375,7467.58984375,4673209,0.0,0.0
2026-06-05 12:15:00-04:00,7467.43017578125,7467.43017578125,7463.47021484375,7463.490234375,4859655,0.0,0.0
2026-06-05 12:16:00-04:00,7463.240234375,7463.240234375,7459.72021484375,7460.580078125,5401165,0.0,0.0
2026-06-05 12:17:00-04:00,7460.56982421875,7461.259765625,7458.9599609375,7460.14013671875,5743474,0.0,0.0
2026-06-05 12:18:00-04:00,7460.47998046875,7461.7900390625,7459.93994140625,7460.4599609375,7341101,0.0,0.0
2026-06-05 12:19:00-04:00,7460.6201171875,7461.56982421875,7460.02978515625,7460.3701171875,5351161,0.0,0.0
2026-06-05 12:20:00-04:00,7460.47021484375,7462.22998046875,7459.6298828125,7459.97021484375,4970159,0.0,0.0
2026-06-05 12:21:00-04:00,7459.93994140625,7463.85986328125,7459.93017578125,7463.85986328125,5670020,0.0,0.0
2026-06-05 12:22:00-04:00,7464.35986328125,7464.830078125,7463.47021484375,7464.14013671875,5082421,0.0,0.0
2026-06-05 12:23:00-04:00,7464.18994140625,7467.009765625,7464.169921875,7466.39013671875,4940210,0.0,0.0
2026-06-05 12:24:00-04:00,7466.2001953125,7466.41015625,7463.08984375,7464.169921875,4704463,0.0,0.0
2026-06-05 12:25:00-04:00,7464.16015625,7467.14990234375,7463.5498046875,7466.47998046875,3819471,0.0,0.0
2026-06-05 12:26:00-04:00,7466.3798828125,7467.85009765625,7465.830078125,7466.27978515625,4897940,0.0,0.0
2026-06-05 12:27:00-04:00,7466.4501953125,7466.509765625,7464.60009765625,7465.0,4541677,0.0,0.0
2026-06-05 12:28:00-04:00,7464.89013671875,7464.89013671875,7461.1298828125,7462.06982421875,4340397,0.0,0.0
2026-06-05 12:29:00-04:00,7461.919921875,7462.0400390625,7460.0400390625,7460.0498046875,4787264,0.0,0.0
2026-06-05 12:30:00-04:00,7460.22998046875,7461.1298828125,7456.43994140625,7456.43994140625,4938421,0.0,0.0
2026-06-05 12:31:00-04:00,7456.31982421875,7457.02978515625,7455.06982421875,7455.259765625,5412961,0.0,0.0
2026-06-05 12:32:00-04:00,7455.2099609375,7455.2099609375,7452.2099609375,7452.89990234375,5284535,0.0,0.0
2026-06-05 12:33:00-04:00,7452.7001953125,7453.27001953125,7451.16015625,7452.60009765625,5561490,0.0,0.0
2026-06-05 12:34:00-04:00,7452.83984375,7454.9599609375,7452.169921875,7454.9599609375,5761016,0.0,0.0
2026-06-05 12:35:00-04:00,7455.1298828125,7455.830078125,7453.919921875,7455.10986328125,4877487,0.0,0.0
2026-06-05 12:36:00-04:00,7455.43017578125,7455.7099609375,7451.47021484375,7451.47021484375,4832007,0.0,0.0
2026-06-05 12:37:00-04:00,7451.27001953125,7453.77978515625,7450.52001953125,7453.77978515625,6305139,0.0,0.0
2026-06-05 12:38:00-04:00,7453.83984375,7457.68994140625,7453.759765625,7457.1201171875,6611075,0.0,0.0
2026-06-05 12:39:00-04:00,7457.1298828125,7457.66015625,7453.75,7454.2998046875,5793801,0.0,0.0
2026-06-05 12:40:00-04:00,7454.41015625,7455.68017578125,7450.2001953125,7450.22998046875,6226673,0.0,0.0
2026-06-05 12:41:00-04:00,7449.97998046875,7450.509765625,7448.0498046875,7448.1201171875,5021965,0.0,0.0
2026-06-05 12:42:00-04:00,7448.27978515625,7449.009765625,7445.72998046875,7446.240234375,6302904,0.0,0.0
2026-06-05 12:43:00-04:00,7446.31982421875,7446.669921875,7444.14013671875,7444.33984375,5440070,0.0,0.0
2026-06-05 12:44:00-04:00,7444.27001953125,7445.740234375,7442.1201171875,7444.830078125,7207104,0.0,0.0
2026-06-05 12:45:00-04:00,7444.77978515625,7444.77978515625,7437.27001953125,7438.4599609375,8705789,0.0,0.0
2026-06-05 12:46:00-04:00,7438.60986328125,7444.06005859375,7438.35986328125,7441.2998046875,7857414,0.0,0.0
2026-06-05 12:47:00-04:00,7441.4599609375,7442.25,7438.66015625,7442.06982421875,6237795,0.0,0.0
2026-06-05 12:48:00-04:00,7442.27001953125,7442.9501953125,7438.89013671875,7440.4599609375,5902192,0.0,0.0
2026-06-05 12:49:00-04:00,7440.83984375,7447.5498046875,7440.72021484375,7447.419921875,7484478,0.0,0.0
2026-06-05 12:50:00-04:00,7447.64013671875,7449.16015625,7445.39013671875,7445.39013671875,5952260,0.0,0.0
2026-06-05 12:51:00-04:00,7445.58984375,7449.43017578125,7445.31982421875,7449.43017578125,5833081,0.0,0.0
2026-06-05 12:52:00-04:00,7449.52978515625,7454.35986328125,7448.509765625,7454.35986328125,5365955,0.0,0.0
2026-06-05 12:53:00-04:00,7454.419921875,7455.919921875,7453.5400390625,7455.31005859375,6443720,0.0,0.0
2026-06-05 12:54:00-04:00,7455.5498046875,7458.669921875,7454.81005859375,7458.330078125,5680081,0.0,0.0
2026-06-05 12:55:00-04:00,7458.2998046875,7458.2998046875,7452.31005859375,7452.31005859375,7785119,0.0,0.0
2026-06-05 12:56:00-04:00,7453.259765625,7454.8798828125,7452.72998046875,7453.16015625,4345653,0.0,0.0
2026-06-05 12:57:00-04:00,7452.89013671875,7457.14990234375,7452.43994140625,7457.1201171875,4997379,0.0,0.0
2026-06-05 12:58:00-04:00,7457.06982421875,7457.14013671875,7453.85986328125,7456.5498046875,3531800,0.0,0.0
2026-06-05 12:59:00-04:00,7456.58984375,7458.2900390625,7455.66015625,7458.02978515625,4706380,0.0,0.0
2026-06-05 13:00:00-04:00,7457.990234375,7457.990234375,7453.330078125,7453.81005859375,5635097,0.0,0.0
2026-06-05 13:01:00-04:00,7453.64990234375,7454.3798828125,7450.77978515625,7450.77978515625,3801758,0.0,0.0
2026-06-05 13:02:00-04:00,7450.509765625,7451.41015625,7445.97998046875,7446.77001953125,5317023,0.0,0.0
2026-06-05 13:03:00-04:00,7446.85009765625,7450.240234375,7446.18017578125,7450.169921875,5015600,0.0,0.0
2026-06-05 13:04:00-04:00,7450.419921875,7452.419921875,7448.8798828125,7450.77978515625,4741264,0.0,0.0
2026-06-05 13:05:00-04:00,7451.08984375,7451.08984375,7448.1201171875,7448.9599609375,4632772,0.0,0.0
2026-06-05 13:06:00-04:00,7448.9599609375,7449.35009765625,7446.7900390625,7446.9501953125,4550274,0.0,0.0
2026-06-05 13:07:00-04:00,7447.14990234375,7447.77978515625,7446.7001953125,7446.93017578125,4426028,0.0,0.0
2026-06-05 13:08:00-04:00,7446.83984375,7448.0,7445.919921875,7447.6201171875,4944579,0.0,0.0
2026-06-05 13:09:00-04:00,7447.5,7449.14990234375,7446.35986328125,7446.81005859375,4642785,0.0,0.0
2026-06-05 13:10:00-04:00,7447.39990234375,7448.7001953125,7445.56005859375,7445.56005859375,4180240,0.0,0.0
2026-06-05 13:11:00-04:00,7445.72998046875,7447.0498046875,7443.91015625,7443.91015625,4238488,0.0,0.0
2026-06-05 13:12:00-04:00,7443.669921875,7446.0,7442.0400390625,7445.14013671875,4693520,0.0,0.0
2026-06-05 13:13:00-04:00,7445.06005859375,7447.580078125,7444.52001953125,7445.22021484375,4270755,0.0,0.0
2026-06-05 13:14:00-04:00,7444.919921875,7447.0400390625,7444.31982421875,7446.6201171875,3452028,0.0,0.0
2026-06-05 13:15:00-04:00,7446.68017578125,7447.47998046875,7444.89013671875,7446.10009765625,4323570,0.0,0.0
2026-06-05 13:16:00-04:00,7446.33984375,7446.33984375,7440.77978515625,7440.77978515625,5372262,0.0,0.0
2026-06-05 13:17:00-04:00,7440.93994140625,7444.06005859375,7440.93994140625,7443.669921875,4479546,0.0,0.0
2026-06-05 13:18:00-04:00,7443.64013671875,7444.4599609375,7442.3798828125,7442.77978515625,4491818,0.0,0.0
2026-06-05 13:19:00-04:00,7442.56982421875,7445.2900390625,7441.43017578125,7445.18017578125,7443361,0.0,0.0
2026-06-05 13:20:00-04:00,7445.18017578125,7445.52001953125,7440.580078125,7441.10986328125,6422905,0.0,0.0
2026-06-05 13:21:00-04:00,7441.22998046875,7445.4501953125,7441.22998046875,7444.58984375,5727084,0.0,0.0
2026-06-05 13:22:00-04:00,7444.580078125,7451.2900390625,7444.10009765625,7451.14990234375,5997356,0.0,0.0
2026-06-05 13:23:00-04:00,7451.31005859375,7453.52978515625,7451.31005859375,7453.41015625,5369925,0.0,0.0
2026-06-05 13:24:00-04:00,7453.18017578125,7453.60009765625,7450.7998046875,7453.06982421875,5219626,0.0,0.0
2026-06-05 13:25:00-04:00,7452.919921875,7453.2900390625,7449.18994140625,7449.31982421875,5690116,0.0,0.0
2026-06-05 13:26:00-04:00,7449.0498046875,7452.10009765625,7449.0498046875,7452.10009765625,5100375,0.0,0.0
2026-06-05 13:27:00-04:00,7451.93994140625,7452.10009765625,7446.68994140625,7451.2001953125,7325911,0.0,0.0
2026-06-05 13:28:00-04:00,7451.259765625,7452.85986328125,7450.91015625,7451.919921875,5188309,0.0,0.0
2026-06-05 13:29:00-04:00,7451.919921875,7452.9501953125,7449.830078125,7452.64013671875,5631852,0.0,0.0
2026-06-05 13:30:00-04:00,7452.759765625,7455.0,7451.39013671875,7453.83984375,4452897,0.0,0.0
2026-06-05 13:31:00-04:00,7453.830078125,7454.759765625,7453.4599609375,7454.4501953125,4002054,0.0,0.0
2026-06-05 13:32:00-04:00,7454.25,7454.41015625,7449.60009765625,7450.240234375,5308464,0.0,0.0
2026-06-05 13:33:00-04:00,7450.169921875,7450.27978515625,7448.5,7450.16015625,4309645,0.0,0.0
2026-06-05 13:34:00-04:00,7450.14013671875,7454.6298828125,7449.64990234375,7454.6298828125,4583283,0.0,0.0
2026-06-05 13:35:00-04:00,7454.8798828125,7456.509765625,7454.81005859375,7456.419921875,4249800,0.0,0.0
2026-06-05 13:36:00-04:00,7456.419921875,7457.490234375,7455.3798828125,7457.4501953125,5219093,0.0,0.0
2026-06-05 13:37:00-04:00,7457.4599609375,7460.68994140625,7457.4599609375,7460.240234375,6894940,0.0,0.0
2026-06-05 13:38:00-04:00,7460.35009765625,7461.6201171875,7459.85009765625,7461.43994140625,5592520,0.0,0.0
2026-06-05 13:39:00-04:00,7461.490234375,7462.39013671875,7460.2998046875,7462.02001953125,4700359,0.0,0.0
2026-06-05 13:40:00-04:00,7462.16015625,7465.52978515625,7461.97998046875,7462.14990234375,6537019,0.0,0.0
2026-06-05 13:41:00-04:00,7462.1298828125,7462.81982421875,7457.3798828125,7457.3798828125,6535425,0.0,0.0
2026-06-05 13:42:00-04:00,7457.47021484375,7458.14990234375,7453.85986328125,7454.080078125,7358127,0.0,0.0
2026-06-05 13:43:00-04:00,7454.14013671875,7454.14013671875,7451.97021484375,7452.66015625,5393376,0.0,0.0
2026-06-05 13:44:00-04:00,7452.509765625,7454.41015625,7449.56982421875,7450.43017578125,7044385,0.0,0.0
2026-06-05 13:45:00-04:00,7450.58984375,7453.56982421875,7449.83984375,7453.56982421875,4763295,0.0,0.0
2026-06-05 13:46:00-04:00,7453.56982421875,7453.85986328125,7452.06005859375,7453.3701171875,4535626,0.0,0.0
2026-06-05 13:47:00-04:00,7453.259765625,7455.7001953125,7452.4599609375,7455.18017578125,4335479,0.0,0.0
2026-06-05 13:48:00-04:00,7455.06982421875,7455.06982421875,7452.330078125,7452.330078125,4289210,0.0,0.0
2026-06-05 13:49:00-04:00,7452.27001953125,7453.509765625,7451.39990234375,7452.0498046875,4336325,0.0,0.0
2026-06-05 13:50:00-04:00,7452.02978515625,7453.66015625,7451.9501953125,7453.02001953125,3639630,0.0,0.0
2026-06-05 13:51:00-04:00,7452.93017578125,7453.10986328125,7450.77001953125,7450.91015625,4130148,0.0,0.0
2026-06-05 13:52:00-04:00,7451.0400390625,7451.81005859375,7450.89990234375,7451.4501953125,3860973,0.0,0.0
2026-06-05 13:53:00-04:00,7451.6201171875,7453.75,7450.2900390625,7453.43994140625,4536564,0.0,0.0
2026-06-05 13:54:00-04:00,7453.5,7454.1201171875,7451.7001953125,7453.85009765625,4973647,0.0,0.0
2026-06-05 13:55:00-04:00,7453.81005859375,7454.52978515625,7453.08984375,7453.2900390625,3979085,0.0,0.0
2026-06-05 13:56:00-04:00,7453.5400390625,7457.06005859375,7453.02978515625,7455.39990234375,4472262,0.0,0.0
2026-06-05 13:57:00-04:00,7454.91015625,7457.58984375,7454.5400390625,7457.580078125,4748397,0.0,0.0
2026-06-05 13:58:00-04:00,7457.7001953125,7459.47998046875,7457.39990234375,7458.8798828125,4260158,0.0,0.0
2026-06-05 13:59:00-04:00,7458.6298828125,7459.64990234375,7457.9501953125,7459.22021484375,4079124,0.0,0.0
2026-06-05 14:00:00-04:00,7459.27001953125,7460.43017578125,7458.3798828125,7459.85009765625,4699272,0.0,0.0
2026-06-05 14:01:00-04:00,7459.89990234375,7460.0498046875,7458.2900390625,7459.60986328125,5110954,0.0,0.0
2026-06-05 14:02:00-04:00,7459.2001953125,7459.2001953125,7453.60009765625,7454.0498046875,4924145,0.0,0.0
2026-06-05 14:03:00-04:00,7454.06982421875,7454.68994140625,7449.64013671875,7450.990234375,5652306,0.0,0.0
2026-06-05 14:04:00-04:00,7451.0498046875,7451.0498046875,7446.919921875,7446.97021484375,5121146,0.0,0.0
2026-06-05 14:05:00-04:00,7446.85986328125,7448.81005859375,7444.240234375,7444.3701171875,6861671,0.0,0.0
2026-06-05 14:06:00-04:00,7444.43017578125,7446.97998046875,7444.1201171875,7446.10009765625,5549120,0.0,0.0
2026-06-05 14:07:00-04:00,7445.97021484375,7447.2900390625,7445.759765625,7447.06005859375,4388934,0.0,0.0
2026-06-05 14:08:00-04:00,7447.009765625,7447.43994140625,7446.1201171875,7446.33984375,4389001,0.0,0.0
2026-06-05 14:09:00-04:00,7446.33984375,7446.47998046875,7445.25,7445.27978515625,4238635,0.0,0.0
2026-06-05 14:10:00-04:00,7445.22998046875,7446.64013671875,7444.93017578125,7445.3701171875,4400105,0.0,0.0
2026-06-05 14:11:00-04:00,7445.1298828125,7445.1298828125,7441.02978515625,7441.3701171875,5160978,0.0,0.0
2026-06-05 14:12:00-04:00,7441.5,7441.5400390625,7439.0,7439.3798828125,7025192,0.0,0.0
2026-06-05 14:13:00-04:00,7439.06982421875,7441.02001953125,7438.35009765625,7440.2998046875,6038827,0.0,0.0
2026-06-05 14:14:00-04:00,7440.22021484375,7440.60009765625,7434.02001953125,7434.52978515625,6934573,0.0,0.0
2026-06-05 14:15:00-04:00,7434.419921875,7434.4501953125,7427.080078125,7427.10009765625,7053736,0.0,0.0
2026-06-05 14:16:00-04:00,7427.14013671875,7429.2900390625,7426.3701171875,7428.27001953125,6380176,0.0,0.0
2026-06-05 14:17:00-04:00,7428.43017578125,7430.7900390625,7427.68994140625,7430.18994140625,7118434,0.0,0.0
2026-06-05 14:18:00-04:00,7430.02978515625,7431.93017578125,7426.64990234375,7428.31005859375,6348139,0.0,0.0
2026-06-05 14:19:00-04:00,7428.18994140625,7428.85009765625,7425.72998046875,7426.39013671875,6004689,0.0,0.0
2026-06-05 14:20:00-04:00,7426.52001953125,7430.85986328125,7426.43994140625,7429.60986328125,8161344,0.0,0.0
2026-06-05 14:21:00-04:00,7429.81005859375,7429.97998046875,7427.08984375,7429.97998046875,5243112,0.0,0.0
2026-06-05 14:22:00-04:00,7429.990234375,7430.31982421875,7427.18994140625,7428.009765625,6417763,0.0,0.0
2026-06-05 14:23:00-04:00,7427.8701171875,7430.81005859375,7427.81982421875,7430.56005859375,5718764,0.0,0.0
2026-06-05 14:24:00-04:00,7430.27001953125,7431.919921875,7427.60986328125,7428.2099609375,4642402,0.0,0.0
2026-06-05 14:25:00-04:00,7427.9599609375,7427.9599609375,7426.1201171875,7426.419921875,5518668,0.0,0.0
2026-06-05 14:26:00-04:00,7426.5,7426.5,7420.64990234375,7420.669921875,7981086,0.0,0.0
2026-06-05 14:27:00-04:00,7420.759765625,7423.3798828125,7417.97021484375,7421.97998046875,7551326,0.0,0.0
2026-06-05 14:28:00-04:00,7422.1201171875,7423.5,7420.60986328125,7421.5,5511023,0.0,0.0
2026-06-05 14:29:00-04:00,7421.7900390625,7423.66015625,7420.97021484375,7421.47021484375,5568814,0.0,0.0
2026-06-05 14:30:00-04:00,7421.509765625,7421.89013671875,7418.68994140625,7421.22021484375,5056198,0.0,0.0
2026-06-05 14:31:00-04:00,7421.10009765625,7423.56005859375,7419.759765625,7422.080078125,5563833,0.0,0.0
2026-06-05 14:32:00-04:00,7422.16015625,7422.16015625,7417.31005859375,7417.830078125,5901970,0.0,0.0
2026-06-05 14:33:00-04:00,7417.68017578125,7420.27001953125,7417.0400390625,7419.52001953125,5485080,0.0,0.0
2026-06-05 14:34:00-04:00,7419.68994140625,7420.02978515625,7417.43994140625,7419.18994140625,5566579,0.0,0.0
2026-06-05 14:35:00-04:00,7418.919921875,7419.22021484375,7415.64013671875,7415.7998046875,8691831,0.0,0.0
2026-06-05 14:36:00-04:00,7415.89013671875,7420.10986328125,7415.33984375,7418.97998046875,6686324,0.0,0.0
2026-06-05 14:37:00-04:00,7418.91015625,7419.240234375,7417.4501953125,7417.81005859375,6556680,0.0,0.0
2026-06-05 14:38:00-04:00,7417.72998046875,7418.10009765625,7413.68994140625,7414.6298828125,5527099,0.0,0.0
2026-06-05 14:39:00-04:00,7414.43994140625,7418.77001953125,7414.43994140625,7418.77001953125,6946415,0.0,0.0
2026-06-05 14:40:00-04:00,7418.330078125,7418.52001953125,7414.0498046875,7414.33984375,5828375,0.0,0.0
2026-06-05 14:41:00-04:00,7414.27978515625,7416.7001953125,7414.27978515625,7415.64013671875,6209465,0.0,0.0
2026-06-05 14:42:00-04:00,7415.3798828125,7415.3798828125,7413.2099609375,7414.27978515625,6869498,0.0,0.0
2026-06-05 14:43:00-04:00,7414.33984375,7415.330078125,7412.93017578125,7413.56982421875,5630633,0.0,0.0
2026-06-05 14:44:00-04:00,7413.5,7414.68994140625,7410.240234375,7413.759765625,7251981,0.0,0.0
2026-06-05 14:45:00-04:00,7413.5400390625,7413.5400390625,7408.009765625,7408.009765625,6599504,0.0,0.0
2026-06-05 14:46:00-04:00,7407.830078125,7409.52978515625,7404.6298828125,7405.18017578125,7646761,0.0,0.0
2026-06-05 14:47:00-04:00,7404.6298828125,7404.669921875,7401.52978515625,7402.35986328125,11068678,0.0,0.0
2026-06-05 14:48:00-04:00,7401.9501953125,7402.10009765625,7399.06005859375,7399.06005859375,6991829,0.0,0.0
2026-06-05 14:49:00-04:00,7398.93994140625,7409.419921875,7398.7998046875,7408.89990234375,9147208,0.0,0.0
2026-06-05 14:50:00-04:00,7409.080078125,7410.89990234375,7404.0498046875,7405.39990234375,6967518,0.0,0.0
2026-06-05 14:51:00-04:00,7405.2001953125,7405.83984375,7402.72021484375,7404.3701171875,5724077,0.0,0.0
2026-06-05 14:52:00-04:00,7404.66015625,7405.27001953125,7401.7099609375,7402.080078125,5657954,0.0,0.0
2026-06-05 14:53:00-04:00,7402.08984375,7403.6201171875,7398.89990234375,7398.89990234375,5843020,0.0,0.0
2026-06-05 14:54:00-04:00,7399.1298828125,7403.22998046875,7398.52978515625,7402.830078125,6809311,0.0,0.0
2026-06-05 14:55:00-04:00,7402.5400390625,7404.9501953125,7400.47021484375,7404.9501953125,4837553,0.0,0.0
2026-06-05 14:56:00-04:00,7404.97021484375,7413.759765625,7403.66015625,7412.33984375,8251255,0.0,0.0
2026-06-05 14:57:00-04:00,7412.47021484375,7412.47021484375,7405.240234375,7405.31982421875,8449063,0.0,0.0
2026-06-05 14:58:00-04:00,7405.240234375,7407.6298828125,7403.89013671875,7404.009765625,6650952,0.0,0.0
2026-06-05 14:59:00-04:00,7403.33984375,7406.91015625,7402.27001953125,7405.919921875,6614770,0.0,0.0
2026-06-05 15:00:00-04:00,7405.8798828125,7406.60009765625,7397.66015625,7397.66015625,8191087,0.0,0.0
2026-06-05 15:01:00-04:00,7397.740234375,7401.3701171875,7397.16015625,7400.7998046875,6243142,0.0,0.0
2026-06-05 15:02:00-04:00,7401.02001953125,7403.43994140625,7399.419921875,7403.39990234375,5782618,0.0,0.0
2026-06-05 15:03:00-04:00,7403.33984375,7406.39990234375,7402.22021484375,7406.10009765625,6220023,0.0,0.0
2026-06-05 15:04:00-04:00,7405.830078125,7405.830078125,7401.89990234375,7403.66015625,5895817,0.0,0.0
2026-06-05 15:05:00-04:00,7404.1298828125,7404.22021484375,7400.33984375,7402.9599609375,6921516,0.0,0.0
2026-06-05 15:06:00-04:00,7403.080078125,7404.2900390625,7400.68994140625,7402.5,6650894,0.0,0.0
2026-06-05 15:07:00-04:00,7402.10986328125,7402.64990234375,7396.7900390625,7396.7900390625,6733177,0.0,0.0
2026-06-05 15:08:00-04:00,7396.64013671875,7396.81005859375,7391.22998046875,7391.22998046875,7234249,0.0,0.0
2026-06-05 15:09:00-04:00,7390.7099609375,7393.33984375,7388.85009765625,7392.740234375,7960718,0.0,0.0
2026-06-05 15:10:00-04:00,7392.490234375,7392.8798828125,7388.3798828125,7388.3798828125,6871908,0.0,0.0
2026-06-05 15:11:00-04:00,7388.33984375,7388.33984375,7385.47021484375,7387.0,7180598,0.0,0.0
2026-06-05 15:12:00-04:00,7387.14990234375,7388.14013671875,7384.3701171875,7384.3701171875,6681065,0.0,0.0
2026-06-05 15:13:00-04:00,7384.740234375,7386.52001953125,7383.81982421875,7385.009765625,6798113,0.0,0.0
2026-06-05 15:14:00-04:00,7384.9599609375,7385.35986328125,7381.990234375,7384.240234375,7644861,0.0,0.0
2026-06-05 15:15:00-04:00,7384.77001953125,7384.77001953125,7376.669921875,7377.08984375,7497435,0.0,0.0
2026-06-05 15:16:00-04:00,7376.97021484375,7376.97021484375,7375.02001953125,7375.43994140625,7443673,0.0,0.0
2026-06-05 15:17:00-04:00,7375.4599609375,7375.81005859375,7370.6201171875,7370.6201171875,7377868,0.0,0.0
2026-06-05 15:18:00-04:00,7370.22998046875,7377.27001953125,7368.6298828125,7375.830078125,10420156,0.0,0.0
2026-06-05 15:19:00-04:00,7375.5498046875,7377.83984375,7374.9599609375,7375.759765625,7962240,0.0,0.0
2026-06-05 15:20:00-04:00,7375.7001953125,7379.66015625,7372.3798828125,7379.66015625,8275760,0.0,0.0
2026-06-05 15:21:00-04:00,7379.85009765625,7380.2998046875,7377.2099609375,7379.2998046875,6464030,0.0,0.0
2026-06-05 15:22:00-04:00,7379.2998046875,7380.47998046875,7375.58984375,7377.14013671875,8054043,0.0,0.0
2026-06-05 15:23:00-04:00,7377.5,7378.31005859375,7375.06982421875,7375.06982421875,5776116,0.0,0.0
2026-06-05 15:24:00-04:00,7374.85009765625,7381.22998046875,7374.85009765625,7381.22998046875,7552133,0.0,0.0
2026-06-05 15:25:00-04:00,7381.27001953125,7388.75,7381.27001953125,7388.75,7995266,0.0,0.0
2026-06-05 15:26:00-04:00,7388.22998046875,7388.22998046875,7384.10986328125,7385.06005859375,7153792,0.0,0.0
2026-06-05 15:27:00-04:00,7384.97998046875,7392.06005859375,7384.97998046875,7391.3701171875,7272959,0.0,0.0
2026-06-05 15:28:00-04:00,7391.89013671875,7394.2900390625,7390.47998046875,7392.91015625,7800667,0.0,0.0
2026-06-05 15:29:00-04:00,7392.8701171875,7397.08984375,7391.81005859375,7397.08984375,9137183,0.0,0.0
2026-06-05 15:30:00-04:00,7397.22021484375,7397.22021484375,7390.0498046875,7390.85986328125,9467399,0.0,0.0
2026-06-05 15:31:00-04:00,7389.93994140625,7390.77001953125,7387.7998046875,7389.89013671875,8287828,0.0,0.0
2026-06-05 15:32:00-04:00,7390.06005859375,7390.1298828125,7385.06005859375,7385.25,8798378,0.0,0.0
2026-06-05 15:33:00-04:00,7385.14013671875,7390.60009765625,7385.14013671875,7387.02001953125,9454598,0.0,0.0
2026-06-05 15:34:00-04:00,7387.22021484375,7391.6201171875,7386.81005859375,7391.22998046875,9056123,0.0,0.0
2026-06-05 15:35:00-04:00,7391.52001953125,7397.35986328125,7391.06005859375,7394.72998046875,9664019,0.0,0.0
2026-06-05 15:36:00-04:00,7394.740234375,7394.740234375,7390.490234375,7392.56982421875,8553643,0.0,0.0
2026-06-05 15:37:00-04:00,7392.759765625,7395.93994140625,7391.5,7395.93994140625,8245841,0.0,0.0
2026-06-05 15:38:00-04:00,7396.02001953125,7396.7001953125,7393.60009765625,7394.9599609375,9247711,0.0,0.0
2026-06-05 15:39:00-04:00,7394.91015625,7400.419921875,7394.759765625,7399.66015625,8899015,0.0,0.0
2026-06-05 15:40:00-04:00,7399.68994140625,7399.68994140625,7392.509765625,7392.509765625,10179149,0.0,0.0
2026-06-05 15:41:00-04:00,7392.56005859375,7393.3798828125,7384.2900390625,7384.2900390625,9957207,0.0,0.0
2026-06-05 15:42:00-04:00,7383.77978515625,7386.81982421875,7383.02001953125,7385.6298828125,8858721,0.0,0.0
2026-06-05 15:43:00-04:00,7385.85986328125,7387.06005859375,7383.93017578125,7385.02001953125,11066366,0.0,0.0
2026-06-05 15:44:00-04:00,7385.06005859375,7391.72021484375,7383.2001953125,7390.89013671875,11131776,0.0,0.0
2026-06-05 15:45:00-04:00,7390.85009765625,7393.9599609375,7389.2001953125,7393.9599609375,10270538,0.0,0.0
2026-06-05 15:46:00-04:00,7393.97998046875,7396.509765625,7391.81982421875,7396.330078125,9780908,0.0,0.0
2026-06-05 15:47:00-04:00,7396.25,7398.330078125,7395.35986328125,7398.2998046875,9891555,0.0,0.0
2026-06-05 15:48:00-04:00,7398.419921875,7401.89990234375,7396.3798828125,7397.14013671875,12355895,0.0,0.0
2026-06-05 15:49:00-04:00,7397.27978515625,7401.35009765625,7397.27978515625,7400.6298828125,11542841,0.0,0.0
2026-06-05 15:50:00-04:00,7399.669921875,7406.0400390625,7397.91015625,7404.830078125,17463764,0.0,0.0
2026-06-05 15:51:00-04:00,7404.9599609375,7410.16015625,7404.759765625,7407.93017578125,16337764,0.0,0.0
2026-06-05 15:52:00-04:00,7408.0,7408.60009765625,7402.60986328125,7404.5,16164122,0.0,0.0
2026-06-05 15:53:00-04:00,7404.22021484375,7404.81005859375,7399.2998046875,7399.490234375,16526052,0.0,0.0
2026-06-05 15:54:00-04:00,7399.330078125,7404.669921875,7399.330078125,7404.02001953125,16992764,0.0,0.0
2026-06-05 15:55:00-04:00,7404.02978515625,7404.02978515625,7397.580078125,7397.919921875,15827460,0.0,0.0
2026-06-05 15:56:00-04:00,7398.0498046875,7400.580078125,7398.0498046875,7399.740234375,17603428,0.0,0.0
2026-06-05 15:57:00-04:00,7399.97021484375,7400.93017578125,7394.509765625,7395.83984375,18334829,0.0,0.0
2026-06-05 15:58:00-04:00,7396.7099609375,7396.7099609375,7393.83984375,7395.02001953125,17749155,0.0,0.0
2026-06-05 15:59:00-04:00,7392.97021484375,7392.97021484375,7383.5400390625,7384.669921875,17794131,0.0,0.0
